gene,mean,variance,detected_fraction
PMEL,2.735630750656128,16.248498916625977,0.37244348762109797
HLA-DRA,3.078660488128662,16.227182388305664,0.43207750269106565
CD74,5.658754348754883,15.947004318237305,0.7586652314316469
CXCR4,4.617305755615234,15.628989219665527,0.6204520990312163
TMSB4X,7.679792404174805,15.607760429382324,0.8439181916038752
RGS1,3.848379373550415,14.401941299438477,0.5707212055974166
MIR4461,4.580282688140869,13.702144622802734,0.6292787944025834
CD63,3.898405075073242,13.495621681213379,0.5685683530678148
MT2A,3.3991637229919434,13.286715507507324,0.510010764262648
PTPRCAP,3.958667755126953,13.131194114685059,0.5733046286329386
IFITM1,4.518960952758789,13.09724235534668,0.6473627556512379
NKG7,2.2125537395477295,12.894087791442871,0.296232508073197
CD3D,3.09187388420105,12.864879608154297,0.44757804090419806
APOD,2.174975633621216,12.65190601348877,0.31733046286329386
SERPINE2,2.3332784175872803,12.638405799865723,0.35091496232508074
LGALS1,3.3428702354431152,12.563820838928223,0.5044133476856836
LGALS3,2.974815607070923,12.350875854492188,0.4529601722282024
CORO1A,3.925035238265991,12.2340087890625,0.6006458557588805
S100B,2.3470826148986816,12.226259231567383,0.3397201291711518
ARHGDIB,4.629088878631592,12.215590476989746,0.6757804090419807
HLA-DPA1,3.1783134937286377,12.06457805633545,0.5229278794402583
IL32,3.220374822616577,12.003334999084473,0.49860064585575886
FOS,5.136688232421875,11.986157417297363,0.7569429494079656
CD52,3.5283679962158203,11.619279861450195,0.5466092572658773
SRGN,3.8347861766815186,11.390626907348633,0.6299246501614639
LAPTM5,4.170767307281494,11.378266334533691,0.6480086114101185
CCL4,1.9028781652450562,11.368764877319336,0.27104413347685685
CD69,2.8459653854370117,11.308004379272461,0.47707212055974163
ANXA2,3.642998218536377,11.177033424377441,0.5836383207750269
S100A6,4.424785614013672,11.0028657913208,0.7031216361679224
VIM,5.775210380554199,10.998863220214844,0.8180839612486545
HSPA1A,2.883037567138672,10.973113059997559,0.5141011840688913
DUSP1,4.829642295837402,10.697336196899414,0.7808396124865447
HLA-DRB1,2.8312642574310303,10.66796588897705,0.48396124865446716
GSTP1,3.6292805671691895,10.598362922668457,0.5954790096878364
TIMP1,2.446812868118286,10.578014373779297,0.4015069967707212
ANXA5,3.581028461456299,10.384751319885254,0.6006458557588805
RAC2,3.566502094268799,10.338053703308105,0.5993541442411194
SDCBP,3.4636569023132324,10.297406196594238,0.608826695371367
CD2,2.6227924823760986,10.153037071228027,0.4421959095801938
IL2RG,3.077117681503296,10.13512897491455,0.5252960172228203
TYR,1.8861275911331177,10.09792423248291,0.29666307857911733
TSC22D3,4.77626895904541,10.0711669921875,0.7642626480086114
CD53,3.0942704677581787,9.992979049682617,0.5351991388589882
LGALS3BP,2.3814375400543213,9.973432540893555,0.4030139935414424
IFITM3,3.2037432193756104,9.91993522644043,0.6032292787944026
CD8A,1.8459528684616089,9.870269775390625,0.30936490850376747
S100A4,2.736070394515991,9.81394100189209,0.4703982777179763
IFI6,3.065094232559204,9.813277244567871,0.5588805166846071
LSP1,2.9397149085998535,9.733199119567871,0.5130247578040904
CD37,2.9971654415130615,9.71268081665039,0.5222820236813778
MIA,1.7256606817245483,9.711277961730957,0.25941872981700753
PSAP,4.218527793884277,9.625828742980957,0.7218514531754575
TUBA1B,3.5788512229919434,9.615313529968262,0.6353067814854683
GZMK,1.728506326675415,9.613618850708008,0.26221743810548975
CTSD,3.6852920055389404,9.608925819396973,0.6503767491926803
RGS2,2.270775079727173,9.597031593322754,0.404951560818084
ANXA1,2.533493995666504,9.595827102661133,0.4413347685683531
LCK,2.3805689811706543,9.565933227539062,0.40559741657696446
HSPA1B,2.345820903778076,9.5355863571167,0.4228202368137783
CST7,2.0308480262756348,9.527596473693848,0.32831001076426264
UCP2,2.913057565689087,9.495640754699707,0.5330462863293864
S100A11,3.599174976348877,9.489959716796875,0.6096878363832078
CST3,2.266477346420288,9.469834327697754,0.38665231431646935
GZMA,1.7154946327209473,9.437084197998047,0.25554359526372444
CD48,2.505486011505127,9.42831802368164,0.42970936490850375
SAT1,4.535772800445557,9.389335632324219,0.753713670613563
DNAJB1,4.1318254470825195,9.377915382385254,0.7379978471474704
TPI1,4.27280855178833,9.309769630432129,0.7046286329386438
LDHA,4.423698902130127,9.26335620880127,0.7407965554359527
NME2,3.6943747997283936,9.258399963378906,0.6230355220667384
H2AFZ,3.5906167030334473,9.208145141601562,0.6318622174381054
LCP1,3.2306876182556152,9.203646659851074,0.5956942949407965
JUNB,4.626051425933838,9.158446311950684,0.7896663078579117
MIF,5.400136470794678,9.136314392089844,0.8049515608180839
DDIT4,3.5174317359924316,9.091675758361816,0.6344456404736275
NPC2,2.6627020835876465,9.037558555603027,0.4738428417653391
DUSP2,2.1428825855255127,9.023917198181152,0.39569429494079655
KLRK1,1.796441912651062,9.000988006591797,0.29709364908503766
GPNMB,1.971949815750122,8.755590438842773,0.34703982777179765
SELL,1.9684438705444336,8.743122100830078,0.3496232508073197
GRN,2.614224910736084,8.7289457321167,0.485037674919268
PRDX1,3.4490880966186523,8.721014976501465,0.6228202368137783
GAS5,4.7040300369262695,8.684649467468262,0.7683530678148547
PSMB4,3.964197874069214,8.67745590209961,0.6856835306781486
IFITM2,4.463659763336182,8.55272102355957,0.7560818083961248
RAN,4.131130695343018,8.552364349365234,0.7007534983853606
UQCRH,3.4057466983795166,8.54516315460205,0.604951560818084
TSPO,3.1037662029266357,8.530611038208008,0.5590958019375672
RARRES3,2.3045337200164795,8.527560234069824,0.4193756727664155
PTPRC,3.7798397541046143,8.502678871154785,0.7160387513455329
COX5B,3.7864387035369873,8.47722053527832,0.656189451022605
PSMB8,3.3832204341888428,8.409134864807129,0.6355220667384284
PGAM1,3.17057204246521,8.37529182434082,0.5944025834230355
NFKBIA,3.045461416244507,8.368809700012207,0.6096878363832078
TXNIP,4.905357837677002,8.352497100830078,0.8340150699677072
PRF1,1.6451523303985596,8.340417861938477,0.302475780409042
EIF3F,3.951953172683716,8.337005615234375,0.7007534983853606
PIK3IP1,2.3648173809051514,8.310162544250488,0.4727664155005382
S100A10,3.1629159450531006,8.304927825927734,0.5866523143164694
TUBB,3.4781641960144043,8.271544456481934,0.6596340150699677
CRIP1,2.196131944656372,8.264528274536133,0.3974165769644779
ISG15,2.120434522628784,8.263579368591309,0.3916038751345533
PSME2,3.549295663833618,8.252463340759277,0.656189451022605
COX6A1,3.59194016456604,8.221578598022461,0.6439181916038751
PSMB1,3.2892322540283203,8.218283653259277,0.6099031216361679
SSR2,3.6558260917663574,8.216085433959961,0.6598493003229279
TAGLN2,3.7771592140197754,8.20622444152832,0.6828848223896663
CD27,1.9684845209121704,8.179672241210938,0.3571582346609257
SSR4,3.8054678440093994,8.150607109069824,0.6822389666307858
GUK1,3.562608003616333,8.093076705932617,0.64994617868676
GPX1,2.83536696434021,8.086518287658691,0.5367061356297094
ITM2A,1.9627268314361572,8.072443962097168,0.37072120559741656
NDUFA13,3.599863290786743,8.071383476257324,0.6471474703982777
GMFG,2.2617292404174805,8.03626537322998,0.4185145317545748
ATP5B,3.8468034267425537,8.022398948669434,0.7013993541442411
PSMB3,3.0053110122680664,8.018134117126465,0.5651237890204521
ATP6V0E1,3.5352461338043213,7.980390548706055,0.6486544671689989
TUBA1A,2.713958978652954,7.980168342590332,0.5354144241119483
COX8A,3.6183855533599854,7.97922420501709,0.64994617868676
HIST1H4C,2.8531906604766846,7.976027011871338,0.5459634015069967
HCST,2.0371453762054443,7.957018852233887,0.36404736275565125
UBE2L6,2.8114571571350098,7.938616752624512,0.5494079655543596
ATP5A1,3.6634860038757324,7.921154975891113,0.6805166846071045
LTB,1.7239322662353516,7.909534931182861,0.2986006458557589
HSPB1,2.8084876537323,7.906850337982178,0.5554359526372443
GIMAP4,2.009697437286377,7.90582275390625,0.37481162540365986
ATP6V0B,2.5608503818511963,7.892609596252441,0.48632938643702905
ITGB2,2.328063488006592,7.8638739585876465,0.4706135629709365
GSN,1.9937968254089355,7.861372470855713,0.3832077502691066
PARK7,3.7579104900360107,7.835086345672607,0.6815931108719053
DYNLL1,2.7756717205047607,7.830758094787598,0.527448869752422
SLA,2.144012451171875,7.805392265319824,0.4370290635091496
PSMB9,2.9801244735717773,7.801998138427734,0.5840688912809473
LMNA,2.191195249557495,7.800790309906006,0.4370290635091496
ENO1,4.895763397216797,7.79987907409668,0.8144241119483315
TMEM258,2.953279733657837,7.791999340057373,0.5565123789020452
IFI27,1.547882318496704,7.780089378356934,0.2553283100107643
GIMAP7,1.9426170587539673,7.774336338043213,0.3580193756727664
LDHB,4.868137836456299,7.759934902191162,0.8118406889128095
COTL1,3.217621326446533,7.75693941116333,0.6620021528525296
ID2,2.1974241733551025,7.735657691955566,0.4445640473627557
CYTIP,2.4053356647491455,7.7140793800354,0.48589881593110873
EIF3K,3.5036568641662598,7.692219257354736,0.6564047362755652
P4HB,3.0408222675323486,7.683492183685303,0.5946178686759956
ZFP36,3.3565876483917236,7.679004669189453,0.7057050592034446
TRMT112,3.3366498947143555,7.662790775299072,0.6193756727664155
PPIB,4.0576677322387695,7.659280776977539,0.7214208826695372
PTPN6,1.9899824857711792,7.644655704498291,0.38772874058127016
WARS,2.5196430683135986,7.637634754180908,0.5308934337997847
HINT1,4.22478723526001,7.6313629150390625,0.7319698600645855
HNRNPA1P10,4.3705949783325195,7.623027324676514,0.7707212055974165
NEDD8,2.8042426109313965,7.608613014221191,0.5397201291711518
ATP5C1,2.9811456203460693,7.589059352874756,0.5799784714747039
PSMA6,2.7627997398376465,7.5789313316345215,0.5405812701829925
CHCHD2,4.452208995819092,7.570575714111328,0.7573735199138859
BST2,2.6297173500061035,7.557714939117432,0.5106566200215286
SOD1,4.049767017364502,7.556803226470947,0.7291711517761034
FXYD5,4.042097568511963,7.553127288818359,0.7388589881593111
ATP5O,2.8450698852539062,7.550576686859131,0.5494079655543596
RPN2,3.0684428215026855,7.540433883666992,0.6148546824542519
ISG20,2.3346705436706543,7.53638219833374,0.4680301399354144
CCL5,5.099039077758789,7.5295729637146,0.9468245425188374
EIF3L,3.8477706909179688,7.527864933013916,0.723789020452099
SERPINA3,1.2046719789505005,7.517660140991211,0.18105489773950484
ALDOA,5.621317386627197,7.511874198913574,0.8516684607104413
PRDX5,2.87542462348938,7.511117458343506,0.5519913885898816
CAPN3,1.6571038961410522,7.489866256713867,0.3151776103336921
HCLS1,2.3566880226135254,7.481141567230225,0.4753498385360603
SLC25A5,3.5760445594787598,7.481017112731934,0.6996770721205597
ATP6V1F,2.6034274101257324,7.471149444580078,0.5026910656620022
EIF3E,3.8879120349884033,7.467275142669678,0.7220667384284176
SLC25A3,3.964320659637451,7.449291229248047,0.7240043057050592
UQCRC1,2.432375192642212,7.441208839416504,0.48439181916038754
ARF1,4.166976451873779,7.439323425292969,0.7483315392895586
APOBEC3C,2.432650089263916,7.434531211853027,0.507427341227126
ERGIC3,2.5797529220581055,7.425221920013428,0.5115177610333692
CCND3,2.707807779312134,7.424957752227783,0.576318622174381
IER2,2.751178503036499,7.421897888183594,0.5711517761033369
LAMTOR4,2.9032063484191895,7.409658432006836,0.5649085037674919
APRT,3.1278722286224365,7.408360958099365,0.6047362755651238
NDUFS5,3.003948211669922,7.403482437133789,0.5799784714747039
CSTB,2.764508008956909,7.401984691619873,0.5519913885898816
MYL12B,4.4240851402282715,7.390762805938721,0.768783638320775
SLC3A2,2.5780224800109863,7.386129856109619,0.5332615715823467
HLA-DMA,1.8234498500823975,7.370095729827881,0.3539289558665231
STAT1,3.178896903991699,7.354494094848633,0.6678148546824543
PGK1,4.147594928741455,7.326745986938477,0.766200215285253
NDUFB8,2.876258134841919,7.316810607910156,0.5761033369214209
EIF3G,3.0964670181274414,7.295356273651123,0.6120559741657696
PSMA7,3.8754241466522217,7.271255970001221,0.7190527448869752
NDUFA1,3.396728754043579,7.263769626617432,0.652529601722282
PDCD6,2.4473483562469482,7.250607013702393,0.5270182992465016
CTSB,4.225241184234619,7.245608329772949,0.9494079655543596
ATRAID,2.3676183223724365,7.239166736602783,0.47168998923573735
A2M,1.6588629484176636,7.233666896820068,0.3907427341227126
H3F3A,1.7906968593597412,7.230563640594482,0.32055974165769646
TMED9,2.469986915588379,7.228193759918213,0.497524219590958
PSMB10,2.499812126159668,7.217469215393066,0.5263724434876211
CALM2,4.8780317306518555,7.21600866317749,0.8157158234660926
XRCC6,3.4065682888031006,7.211843967437744,0.6740581270182993
COX7B,2.5106728076934814,7.204564571380615,0.49860064585575886
PTTG1IP,2.2829337120056152,7.204561233520508,0.4738428417653391
ATP1A1,2.5012006759643555,7.201535701751709,0.5608180839612487
PPP1R15A,3.1078708171844482,7.192070484161377,0.6488697524219591
CCT7,2.6605653762817383,7.1867289543151855,0.5384284176533908
TMEM59,3.325355291366577,7.181795120239258,0.6592034445640473
ASAH1,2.1584062576293945,7.179612636566162,0.45231431646932185
SRP9,3.1489579677581787,7.1739654541015625,0.6421959095801938
C12orf57,2.8695240020751953,7.169161319732666,0.57502691065662
DBI,2.6937310695648193,7.167745113372803,0.5356297093649085
SPCS1,3.025463104248047,7.1641011238098145,0.596124865446717
CLIC1,4.2647881507873535,7.161186218261719,0.7590958019375673
PPP1CA,3.008397340774536,7.14452600479126,0.6068891280947255
ATF4,2.7781310081481934,7.130152702331543,0.5726587728740581
NME1,1.9934170246124268,7.129289627075195,0.38105489773950485
SNRPB,3.0417025089263916,7.128266334533691,0.6131324004305705
DNAJA1,3.192064046859741,7.126004219055176,0.6628632938643703
HLA-DQB1,1.6825331449508667,7.125113487243652,0.3395048439181916
NDUFB2,2.63494610786438,7.122689247131348,0.5203444564047363
DAD1,2.901536226272583,7.117419719696045,0.5743810548977395
BCAP31,2.7877373695373535,7.114875793457031,0.5593110871905275
GPX4,3.0649850368499756,7.110315322875977,0.6079655543595264
SNRPD2,3.6325745582580566,7.099277496337891,0.6878363832077503
SHFM1,2.885068893432617,7.090714931488037,0.5739504843918192
KRTCAP2,2.9123592376708984,7.0898027420043945,0.57502691065662
SGK1,1.8688812255859375,7.0890212059021,0.38406889128094723
GPR183,1.5168020725250244,7.082212924957275,0.29343379978471473
COX7C,5.075223922729492,7.078427791595459,0.8120559741657697
CCT3,2.552675247192383,7.073946952819824,0.5472551130247578
EIF3H,3.866478681564331,7.06425666809082,0.7298170075349839
CSRP1,1.9895250797271729,7.061904430389404,0.4023681377825619
GSTK1,3.420835494995117,7.061574935913086,0.6719052744886975
MRPS21,2.5974173545837402,7.06082820892334,0.5203444564047363
PSMB6,2.3639378547668457,7.053801536560059,0.4751345532831001
PEBP1,3.0933830738067627,7.042742729187012,0.6294940796555436
JUN,3.284101963043213,7.035394191741943,0.7009687836383208
C6orf48,2.812396764755249,7.035272121429443,0.5877287405812702
CLTA,2.485682487487793,7.031679153442383,0.5003229278794402
SYNGR2,2.657696485519409,7.030521869659424,0.5705059203444564
STMN1,2.414396047592163,7.02968168258667,0.6841765339074274
COX5A,2.6188173294067383,7.026341438293457,0.5278794402583423
ATPIF1,2.6241118907928467,7.023741722106934,0.536275565123789
PUF60,2.4942736625671387,7.023215293884277,0.511302475780409
MAGED2,2.1544792652130127,7.011529922485352,0.4378902045209903
AP1S2,2.174812078475952,7.0112175941467285,0.46307857911733047
EIF4A1,4.181683540344238,7.0072431564331055,0.7681377825618945
CCT8,2.575650930404663,7.006472110748291,0.5390742734122712
PRAME,1.6235567331314087,6.995693683624268,0.303767491926803
OST4,4.17213249206543,6.994668960571289,0.7423035522066739
SPARC,1.7338213920593262,6.990025997161865,0.3504843918191604
TMEM230,2.591683864593506,6.987171649932861,0.5367061356297094
VPS28,2.597029685974121,6.959991455078125,0.5341227125941873
COPE,2.9503262042999268,6.953447341918945,0.6004305705059203
SSBP1,2.5410168170928955,6.94559907913208,0.5207750269106566
CAPG,1.6279751062393188,6.94041109085083,0.3115177610333692
ARPC1B,4.417282581329346,6.93458366394043,0.797416576964478
ALOX5AP,1.4745441675186157,6.932962894439697,0.2609257265877287
ARPC3,4.524159908294678,6.923041343688965,0.790096878363832
PSMA1,2.742886543273926,6.916711330413818,0.5761033369214209
HIGD2A,2.6325228214263916,6.909704208374023,0.5377825618945102
MDH1,2.6122825145721436,6.9022746086120605,0.5377825618945102
PDIA6,2.724858283996582,6.901669502258301,0.5659849300322928
CIB1,2.4927330017089844,6.897053241729736,0.5214208826695371
HSP90AB1,5.295524597167969,6.893163204193115,0.8579117330462863
HLA-DRB5,2.029888391494751,6.890881538391113,0.43745963401507
PRELID1,2.6915693283081055,6.885064601898193,0.5504843918191604
NHP2,2.2951676845550537,6.879809856414795,0.46544671689989237
FKBP1A,3.3808434009552,6.876940727233887,0.6813778256189451
HSP90B1,3.414449453353882,6.874101638793945,0.6990312163616792
DYNLRB1,2.5263571739196777,6.873337268829346,0.5153928955866524
TOB1,2.7415692806243896,6.867253303527832,0.6051668460710441
TAGAP,1.8081576824188232,6.8665361404418945,0.3745963401506997
RABAC1,2.264793634414673,6.864722728729248,0.4648008611410118
SEC11C,2.099489450454712,6.861706256866455,0.42691065662002153
VAT1,2.0232527256011963,6.857789993286133,0.426264800861141
EIF3D,2.8273584842681885,6.854316711425781,0.5995694294940797
HERPUD1,2.4787631034851074,6.830133438110352,0.5580193756727664
GABARAP,3.7906510829925537,6.811171054840088,0.7296017222820237
PRDX2,2.217219591140747,6.810257911682129,0.45618945102260494
MDH2,2.4130637645721436,6.800326347351074,0.5048439181916039
BTG2,1.9679265022277832,6.795228481292725,0.43595263724434874
TAP1,2.7385520935058594,6.788817882537842,0.6172228202368137
GNG5,3.006441354751587,6.771671295166016,0.6064585575888052
NDUFB9,2.454195499420166,6.75484037399292,0.5035522066738428
EDF1,3.855985164642334,6.754128456115723,0.7222820236813778
LAMTOR5,2.475738048553467,6.7491374015808105,0.5061356297093649
NDUFV2,2.591481924057007,6.748421669006348,0.5451022604951561
COX6B1,3.0421314239501953,6.739419937133789,0.6118406889128095
ECH1,2.3684816360473633,6.735918998718262,0.49817007534983854
ATP5H,2.6756298542022705,6.72678279876709,0.5453175457481163
HNRNPF,2.9831490516662598,6.725671291351318,0.6411194833153929
PSMD4,2.3284239768981934,6.704028129577637,0.485037674919268
PSMB7,2.3659589290618896,6.698363304138184,0.4906350914962325
H3F3AP4,4.227777481079102,6.688103199005127,0.7842841765339075
NDUFB10,2.118649482727051,6.686280727386475,0.43530678148546825
YWHAQ,2.968864679336548,6.685047149658203,0.6333692142088267
FBXO7,2.3046412467956543,6.6841816902160645,0.49386437029063507
HLA-DQA1,1.5880420207977295,6.681095123291016,0.316254036598493
BRK1,2.9903414249420166,6.670843601226807,0.6118406889128095
SEC61B,2.4633195400238037,6.667618751525879,0.5087190527448869
CTSW,1.3076215982437134,6.664355278015137,0.22368137782561895
DUSP6,1.8378628492355347,6.661952018737793,0.38622174381054897
TECR,2.417297124862671,6.66116189956665,0.5125941872981701
UBL5,3.0581021308898926,6.657863140106201,0.6170075349838536
SEPW1,2.6105852127075195,6.642938613891602,0.5455328310010764
TKT,2.1891024112701416,6.642126083374023,0.46695371367061356
GTF3A,2.3884928226470947,6.634356498718262,0.5164693218514532
EEF1B2,5.686952590942383,6.625026226043701,0.8729817007534983
PSMC5,2.4899938106536865,6.62061882019043,0.5291711517761033
RNASEK,3.5028836727142334,6.620547771453857,0.685037674919268
VAMP8,2.077829599380493,6.619963645935059,0.4288482238966631
RHOH,1.8086349964141846,6.609530448913574,0.38858988159311086
ATP5E,4.663825988769531,6.593704700469971,0.8010764262648009
MRPS6,2.0701847076416016,6.587516784667969,0.43358449946178684
LAPTM4A,2.392648458480835,6.579133987426758,0.5007534983853607
GABARAPL2,2.4475815296173096,6.5760321617126465,0.5190527448869753
ARHGAP15,2.1665735244750977,6.5758562088012695,0.4798708288482239
ZAP70,1.7992843389511108,6.568055629730225,0.37158234660925726
ATP1B3,2.2702410221099854,6.5642523765563965,0.49257265877287404
ACTR3,3.1756324768066406,6.559556484222412,0.6940796555435953
LY6E,3.0291340351104736,6.559479236602783,0.635091496232508
TBC1D10C,1.8565213680267334,6.557983875274658,0.3903121636167923
CD8B,1.2926405668258667,6.554600715637207,0.2256189451022605
HLA-DPB1,2.228708028793335,6.554471969604492,0.5199138858988159
AIP,2.185049295425415,6.550154209136963,0.46630785791173307
UXT,2.3487977981567383,6.5498881340026855,0.49343379978471474
SNHG5,3.4751927852630615,6.531084060668945,0.6992465016146394
GAPDH,7.697628498077393,6.522758960723877,0.9442411194833153
PAIP2,3.105823516845703,6.517237186431885,0.656189451022605
HMGN1,3.488449811935425,6.500419616699219,0.7229278794402584
HLA-F,3.8248729705810547,6.493175506591797,0.8269106566200215
CHMP2A,2.2974205017089844,6.49282169342041,0.48396124865446716
RNH1,2.16591739654541,6.489447593688965,0.4639397201291712
EIF3C,3.0013651847839355,6.482295989990234,0.6555435952637244
HSPA5,2.9606242179870605,6.4797563552856445,0.7039827771797632
CD247,1.5047587156295776,6.477189540863037,0.3013993541442411
CNN2,2.634964942932129,6.474324703216553,0.6781485468245425
C17orf62,2.7609219551086426,6.473312854766846,0.6396124865446717
PPA1,1.9214118719100952,6.470876693725586,0.4068891280947255
PHB2,2.4044721126556396,6.470087051391602,0.5194833153928956
ATP5I,2.489824056625366,6.469029903411865,0.5194833153928956
CD99,3.568547248840332,6.467613697052002,0.7130247578040905
GSTO1,2.0301883220672607,6.461655139923096,0.4251883745963401
EIF3M,2.4596192836761475,6.46104621887207,0.5388589881593111
FABP5,1.991483211517334,6.458090782165527,0.42970936490850375
IL7R,1.4310156106948853,6.457423686981201,0.29472551130247576
TMED2,2.664947509765625,6.454625129699707,0.5989235737351991
EMC4,2.1036412715911865,6.449643611907959,0.4421959095801938
APOBEC3G,1.7083101272583008,6.441504001617432,0.38191603875134555
ERP29,2.7095847129821777,6.429276466369629,0.5821313240043057
ZFAS1,3.1750760078430176,6.42149019241333,0.6630785791173305
PTGES3,3.1286685466766357,6.4210405349731445,0.6749192680301399
EVI2B,2.000267267227173,6.419715404510498,0.4454251883745963
FIS1,2.241809606552124,6.416688919067383,0.4691065662002153
PRDX4,1.7823834419250488,6.412288665771484,0.35522066738428415
GBP2,1.9896740913391113,6.410586833953857,0.45748116254036597
CCR7,1.3216819763183594,6.4048590660095215,0.2473627556512379
TIGIT,1.4746419191360474,6.3932085037231445,0.2960172228202368
SQSTM1,2.746222496032715,6.390601634979248,0.6176533907427342
CUTA,2.8591179847717285,6.3886799812316895,0.5944025834230355
SNRPG,2.4584014415740967,6.385909557342529,0.5246501614639397
COX7A2,3.0862793922424316,6.375922679901123,0.6378902045209903
NDUFB7,2.162423849105835,6.373335838317871,0.45080731969860066
TUBA4A,1.4608664512634277,6.369576454162598,0.28288482238966633
PCMT1,2.102975368499756,6.368971824645996,0.4544671689989236
EIF5A,3.3672034740448,6.366830825805664,0.7192680301399355
C1orf43,2.2915539741516113,6.356721878051758,0.503767491926803
CYC1,1.9477694034576416,6.356073379516602,0.40753498385360604
TNFAIP3,2.0846526622772217,6.354431629180908,0.5141011840688913
PDIA3,3.4049150943756104,6.354162693023682,0.7026910656620021
SELPLG,1.6120131015777588,6.351154327392578,0.33864370290635093
PSMA2,2.670135498046875,6.349843502044678,0.5735199138858988
C1QBP,2.088294267654419,6.34913444519043,0.44434876210979546
NDUFA12,2.0412590503692627,6.336783409118652,0.42583423035522067
HSPD1,2.96762752532959,6.336607933044434,0.6566200215285253
RPN1,2.4921064376831055,6.335130214691162,0.5722282023681378
UBXN1,2.6820173263549805,6.333522319793701,0.5836383207750269
RBMX,2.992147445678711,6.332820892333984,0.6874058127018299
RAP1B,2.548248291015625,6.323131084442139,0.592465016146394
SASH3,1.7451478242874146,6.312992095947266,0.3756727664155005
NDUFS8,2.1114659309387207,6.30772590637207,0.4469321851453176
SNHG8,2.1149253845214844,6.30450439453125,0.44908503767491925
LBH,1.9494423866271973,6.3016228675842285,0.4501614639397201
TRIM22,2.229084014892578,6.300975322723389,0.5235737351991389
C17orf76-AS1,4.828105449676514,6.294681072235107,0.8641550053821313
APOE,1.415939211845398,6.294378757476807,0.27922497308934335
PSMA4,2.2702224254608154,6.290214538574219,0.49580193756727664
COPS6,2.187223434448242,6.289784908294678,0.47448869752421957
USMG5,2.3274590969085693,6.285897731781006,0.49494079655543594
ARF5,2.4896903038024902,6.273958683013916,0.5410118406889128
DYNLT1,1.8970798254013062,6.261878967285156,0.40365984930032295
CLNS1A,2.1439192295074463,6.261061668395996,0.4714747039827772
SEC61G,2.16623592376709,6.243065357208252,0.46307857911733047
VDAC2,2.1504712104797363,6.240853786468506,0.47448869752421957
TALDO1,2.1408684253692627,6.238741874694824,0.458772874058127
MLANA,2.437152862548828,6.2358269691467285,0.7468245425188375
NOP10,2.2368857860565186,6.233397960662842,0.47556512378902044
CDC37,2.7035441398620605,6.230464458465576,0.6010764262648008
CLK1,3.298034429550171,6.230147361755371,0.7435952637244349
CTSA,2.2545735836029053,6.227019309997559,0.4930032292787944
SNHG6,2.576066732406616,6.227015018463135,0.5558665231431646
ATP6AP2,2.366016149520874,6.219842910766602,0.5311087190527449
SUMO2,4.367469787597656,6.215441703796387,0.801291711517761
CD79B,1.194419264793396,6.213136196136475,0.20667384284176535
SHISA5,2.82405161857605,6.212639808654785,0.6271259418729817
OSTC,2.1314268112182617,6.211335182189941,0.46846071044133475
PRDX6,2.4096133708953857,6.198456287384033,0.5278794402583423
IMPDH2,1.9492732286453247,6.193157196044922,0.4299246501614639
ISCU,2.4941835403442383,6.190588474273682,0.5511302475780409
PSMB5,1.7961668968200684,6.190304756164551,0.37158234660925726
UBE2D3,3.4537930488586426,6.1878886222839355,0.7377825618945102
ARL6IP1,2.624169111251831,6.180293083190918,0.6213132400430571
VDAC1,2.376727342605591,6.175135612487793,0.5367061356297094
EGR1,1.9219738245010376,6.174564361572266,0.48353067814854683
CCL4L1,1.1752060651779175,6.172645092010498,0.24370290635091496
CCL4L2,1.1752060651779175,6.172645092010498,0.24370290635091496
CASP4,1.984189510345459,6.162775039672852,0.458772874058127
EMP3,2.525585651397705,6.1612067222595215,0.5528525296017223
PKM,3.7352454662323,6.155196666717529,0.7666307857911733
IRF9,2.227024793624878,6.154263019561768,0.5173304628632939
ATP5G1,2.0232090950012207,6.153063774108887,0.4299246501614639
EIF6,1.9362436532974243,6.152492523193359,0.4129171151776103
RNASET2,1.7322081327438354,6.150186538696289,0.3855758880516685
TMEM66,4.957470417022705,6.145800590515137,0.8770721205597417
COX7A2L,2.264220952987671,6.142871856689453,0.4955866523143165
ARPC5,2.861454963684082,6.142064094543457,0.6389666307857912
ANAPC11,2.2670915126800537,6.1415510177612305,0.48331539289558667
NDUFS7,2.028202772140503,6.138668060302734,0.43724434876210977
NDUFAB1,1.9592514038085938,6.138556003570557,0.41227125941872983
C19orf10,1.9595928192138672,6.137940883636475,0.42604951560818083
EZR,3.4227793216705322,6.137824058532715,0.7634015069967707
UBB,6.192714691162109,6.135464668273926,0.8986006458557588
SIVA1,1.8577674627304077,6.135123252868652,0.3974165769644779
PSMA3,2.3095767498016357,6.1304402351379395,0.5401506996770721
ATP5J,2.51183819770813,6.124678134918213,0.5401506996770721
S100A13,1.5986442565917969,6.117909908294678,0.316254036598493
NDUFB4,2.4640636444091797,6.1157331466674805,0.5319698600645856
PLP2,2.184098243713379,6.111898899078369,0.4805166846071044
ATP5D,2.337968111038208,6.110327243804932,0.5106566200215286
TMEM219,2.0072100162506104,6.107322692871094,0.43250807319698603
NHP2L1,2.7733614444732666,6.105961322784424,0.6107642626480086
SIRPG,1.3732420206069946,6.103517055511475,0.26695371367061355
TPP1,2.91585636138916,6.099257469177246,0.6701829924650161
PRKCH,1.8173153400421143,6.09855842590332,0.42691065662002153
C14orf166,2.1989963054656982,6.098485469818115,0.48245425188374597
PNRC2,2.4171247482299805,6.094799518585205,0.5696447793326157
ITM2B,4.523666858673096,6.093250274658203,0.8292787944025835
WDR83OS,2.386993408203125,6.089047431945801,0.5207750269106566
EIF4H,2.901567220687866,6.088372707366943,0.6441334768568353
TUFM,2.2118289470672607,6.082339763641357,0.49041980624327236
SPP1,1.1758803129196167,6.077730655670166,0.2208826695371367
CSNK2B,2.5178191661834717,6.07006311416626,0.5543595263724435
APEX1,2.0844128131866455,6.069727897644043,0.4583423035522067
MRFAP1,2.636592149734497,6.06799840927124,0.5890204520990312
TNFRSF14,2.420166015625,6.063474178314209,0.5657696447793327
CTSL1,1.5326788425445557,6.061655044555664,0.3265877287405813
PPT1,2.046473503112793,6.0530805587768555,0.4520990312163617
PIM2,1.925079107284546,6.044020175933838,0.4951560818083961
ILF2,2.124974250793457,6.03279972076416,0.4781485468245425
CD3E,2.0235884189605713,6.03097677230835,0.4441334768568353
PRKAR1A,2.9683423042297363,6.030337333679199,0.6656620021528525
ARL6IP5,3.2392466068267822,6.026337146759033,0.702475780409042
FAIM3,2.31173038482666,6.024553298950195,0.5625403659849301
PSME1,4.988197326660156,6.018914222717285,0.8650161463939721
FAM96B,2.174950122833252,6.0174055099487305,0.4766415500538213
UQCRFS1,1.9415818452835083,6.01055383682251,0.4204520990312164
TMEM147,1.7400215864181519,6.009125232696533,0.36167922497308935
TUBB4B,1.893239974975586,6.002681732177734,0.42777179763186224
CD164,2.8361661434173584,6.0025315284729,0.6531754574811626
AP2M1,2.376350164413452,6.002169609069824,0.5308934337997847
SDHB,1.886391043663025,5.998180389404297,0.40968783638320777
SF3B14,2.1224987506866455,5.991973400115967,0.46221743810548976
EIF4A2,4.546432018280029,5.991805553436279,0.8297093649085038
CXCL13,0.8820291757583618,5.991133689880371,0.1317545748116254
BSG,2.784135580062866,5.988703727722168,0.6210979547900969
DENND2D,1.8475898504257202,5.982527256011963,0.4342303552206674
TRAF3IP3,1.7510994672775269,5.973670482635498,0.39289558665231433
ARF4,1.9985102415084839,5.965692520141602,0.45188374596340153
DNPH1,1.8519749641418457,5.965559959411621,0.39806243272335845
DSTN,2.017599582672119,5.960094451904297,0.45468245425188375
TMBIM6,3.9031565189361572,5.957342624664307,0.7933261571582346
PSMD8,2.41910457611084,5.954170227050781,0.5347685683530679
SERINC3,2.3541972637176514,5.944371223449707,0.5416576964477934
ATP6V1E1,2.055976152420044,5.936800956726074,0.46264800861141014
TMEM179B,1.926376223564148,5.934741020202637,0.42368137782561893
M6PR,2.3400466442108154,5.931963920593262,0.5470398277717976
SYPL1,2.0017573833465576,5.930477619171143,0.45705059203444565
LMAN2,2.45768666267395,5.9155049324035645,0.5582346609257266
EMC7,1.913613200187683,5.915084362030029,0.4163616792249731
LAT,1.450901985168457,5.914440155029297,0.30269106566200216
LSM7,1.974725604057312,5.912952423095703,0.4279870828848224
BUB3,2.1345319747924805,5.912496089935303,0.5199138858988159
PIGT,2.038836717605591,5.906533241271973,0.4727664155005382
VKORC1,1.8197381496429443,5.9059977531433105,0.38815931108719054
GHITM,2.312694787979126,5.899681091308594,0.5401506996770721
GIMAP5,1.4581091403961182,5.899624824523926,0.3063509149623251
GZMB,0.8857858180999756,5.899306297302246,0.13153928955866523
TAF9,2.0066335201263428,5.897882461547852,0.452529601722282
HNRNPM,2.5076210498809814,5.896475315093994,0.6223896663078579
ATP6AP1,2.0198469161987305,5.8947038650512695,0.4572658772874058
MAT2B,2.61006760597229,5.89350700378418,0.638751345532831
MORF4L2,2.099147319793701,5.888461589813232,0.4964477933261572
LITAF,2.4229190349578857,5.882333278656006,0.6058127018299246
COX4I1,5.329955101013184,5.875335216522217,0.8579117330462863
GDI2,2.955815553665161,5.872821807861328,0.680086114101184
PDCD1,1.222085952758789,5.871875286102295,0.23229278794402583
ANXA6,2.413072109222412,5.8698883056640625,0.5827771797631862
CNIH4,1.8402388095855713,5.867997169494629,0.393756727664155
RHOC,1.921743392944336,5.8600945472717285,0.42454251883745964
HLA-DMB,1.1849030256271362,5.850017547607422,0.2178686759956943
DAZAP2,3.953260898590088,5.849758625030518,0.8081808396124865
SEPT15,2.7270314693450928,5.8476243019104,0.6176533907427342
CPNE1,2.4406228065490723,5.8443756103515625,0.5866523143164694
SLC25A6,5.071547031402588,5.831357955932617,0.8645855758880516
SEC11A,2.213127374649048,5.829723358154297,0.4979547900968784
ACP5,1.592300534248352,5.828055381774902,0.33907427341227125
MPG,1.887899398803711,5.820244789123535,0.413778256189451
IFI30,1.188136339187622,5.81990385055542,0.24241119483315393
PFDN5,5.251684665679932,5.813828945159912,0.8596340150699677
CD3G,2.259864091873169,5.8122172355651855,0.652529601722282
YIPF3,1.7825946807861328,5.805180072784424,0.3935414424111948
PRR13,2.8753857612609863,5.793585300445557,0.652529601722282
PYCARD,1.509800672531128,5.789010047912598,0.308719052744887
PET100,1.8780701160430908,5.788362979888916,0.41227125941872983
YPEL5,2.2536330223083496,5.7824554443359375,0.5590958019375672
SRSF2,3.8351528644561768,5.776477813720703,0.7898815931108719
CCL3,0.9645334482192993,5.770627021789551,0.16813778256189452
POLR2G,1.8885104656219482,5.764953136444092,0.4204520990312164
HMHA1,2.3578343391418457,5.761966228485107,0.7522066738428418
TPM4,2.294017791748047,5.749002933502197,0.606243272335845
TSTD1,1.355760097503662,5.746918201446533,0.25834230355220666
GLTSCR2,1.962552547454834,5.746053218841553,0.49946178686759957
IL10RA,1.5243844985961914,5.7412428855896,0.35758880516684605
MYL6,5.694213390350342,5.740602493286133,0.8863293864370291
ERH,2.387695074081421,5.735760688781738,0.5435952637244349
DHRS7,1.9421110153198242,5.734851360321045,0.4503767491926803
HSPE1,2.7954962253570557,5.729877471923828,0.6348762109795479
CCT6A,2.4309656620025635,5.723049640655518,0.5702906350914962
SRP14,4.32374382019043,5.712467193603516,0.8111948331539289
SNHG1,1.9197227954864502,5.7091169357299805,0.44843918191603876
SH3BGRL,2.2870213985443115,5.695014953613281,0.5509149623250807
BZW1,2.292839288711548,5.691405773162842,0.5515608180839613
PHB,2.134420871734619,5.690752029418945,0.4953713670613563
HEXB,1.845423936843872,5.678737163543701,0.41786867599569427
MS4A1,1.0366346836090088,5.678077220916748,0.19009687836383207
HMGN3,2.0395030975341797,5.673310279846191,0.4738428417653391
ZFP36L2,2.9300944805145264,5.669138431549072,0.742518837459634
BLOC1S1,2.0068063735961914,5.66830587387085,0.4510226049515608
MRPL51,1.9446536302566528,5.659566879272461,0.4346609257265877
EIF4A3,1.8802908658981323,5.656189918518066,0.43487621097954793
MPV17,1.7614346742630005,5.651395797729492,0.39052744886975244
C17orf49,1.6697578430175781,5.650205135345459,0.366200215285253
SNX17,2.051689386367798,5.638272762298584,0.4809472551130248
DBNL,1.9851208925247192,5.6369524002075195,0.4742734122712594
AUP1,2.4988694190979004,5.635796070098877,0.5758880516684607
SDHD,1.9133201837539673,5.6302289962768555,0.444994617868676
DCXR,1.8163177967071533,5.629456043243408,0.4086114101184069
FBL,2.000930070877075,5.627696990966797,0.4628632938643703
RHOA,4.611751556396484,5.62409782409668,0.8469321851453175
ICAM3,1.626603603363037,5.621313095092773,0.3789020452099031
FDFT1,2.085697650909424,5.620883464813232,0.49386437029063507
SEPT1,1.7111109495162964,5.619277000427246,0.4129171151776103
CDK2AP2,1.8763504028320312,5.616372585296631,0.4310010764262648
TOMM5,1.8644802570343018,5.614770412445068,0.4217438105489774
UBC,6.755268096923828,5.612759113311768,0.9367061356297094
DDOST,3.3793368339538574,5.610860824584961,0.8426264800861141
ATP5J2,2.335998773574829,5.606117248535156,0.528740581270183
OXA1L,1.9578526020050049,5.605220794677734,0.465016146393972
TOMM7,4.158076286315918,5.59965705871582,0.7937567276641551
HSPA8,6.190678596496582,5.59310245513916,0.9179763186221744
CDC42SE2,2.5375709533691406,5.592645168304443,0.6585575888051668
SIT1,1.310746192932129,5.5907793045043945,0.25984930032292786
UFC1,2.010876417160034,5.585851669311523,0.46092572658772873
BTF3,5.166043758392334,5.580400466918945,0.8628632938643703
LAMTOR1,1.8922802209854126,5.574341297149658,0.4340150699677072
MYL12A,5.145214080810547,5.56950569152832,0.8779332615715824
PRDX3,1.8961374759674072,5.56791353225708,0.44520990312163616
MAP1LC3B,2.3505475521087646,5.56695556640625,0.5642626480086114
TAF7,2.219569444656372,5.566027641296387,0.5386437029063509
C19orf60,1.96378493309021,5.563156604766846,0.4540365984930032
SELK,2.1080338954925537,5.56217098236084,0.4930032292787944
LPXN,1.6341524124145508,5.55583381652832,0.3969860064585576
C14orf2,2.42177152633667,5.555667400360107,0.5593110871905275
TCEB2,2.828202486038208,5.553448677062988,0.6279870828848224
ATP6V1G1,2.935995578765869,5.549869537353516,0.6660925726587729
SF3B5,1.8261550664901733,5.549863815307617,0.40839612486544674
GNAS,2.8002686500549316,5.547244071960449,0.6695371367061357
APMAP,1.9015339612960815,5.544532299041748,0.4596340150699677
MLF2,2.141059398651123,5.543328762054443,0.5009687836383208
ATP5G2,4.428075790405273,5.54317569732666,0.8204520990312164
ARPC1A,1.8369401693344116,5.5365447998046875,0.42023681377825617
COPZ1,2.1039843559265137,5.534822463989258,0.49580193756727664
TMEM14B,1.9575581550598145,5.534521579742432,0.4505920344456405
METTL23,1.7078344821929932,5.533639907836914,0.3883745963401507
EWSR1,3.0447585582733154,5.526589393615723,0.7205597416576964
ARPC4,3.3622283935546875,5.526418685913086,0.7528525296017223
SFT2D1,1.7033575773239136,5.524880409240723,0.38256189451022604
KIAA1551,2.5801804065704346,5.521866798400879,0.683745963401507
NUTF2,1.8809006214141846,5.516046524047852,0.43681377825618944
CD79A,1.0281269550323486,5.513598918914795,0.1767491926803014
CTSH,1.4894137382507324,5.5098042488098145,0.33283100107642627
NGRN,1.8820515871047974,5.507630348205566,0.4322927879440258
ARPC2,5.249330997467041,5.500735282897949,0.88762109795479
CNPY2,2.002284049987793,5.49904727935791,0.45941872981700754
IRF8,1.1775730848312378,5.495619773864746,0.24133476856835306
TXN,2.1646504402160645,5.493711948394775,0.4932185145317546
MRPS24,1.7000048160552979,5.493133068084717,0.37115177610333694
EID1,2.995124578475952,5.489797592163086,0.6779332615715824
DDIT3,1.4867122173309326,5.48796272277832,0.3321851453175457
RTFDC1,1.9515691995620728,5.485617160797119,0.4559741657696448
TOMM6,2.336003303527832,5.485029697418213,0.5371367061356297
RBM4,2.379593849182129,5.482285022735596,0.6759956942949408
TNFRSF1B,1.708479881286621,5.479656219482422,0.5793326157158235
VMP1,2.511714220046997,5.479278087615967,0.6135629709364908
CAPZA2,2.081932544708252,5.478549480438232,0.5022604951560818
C6orf62,4.622810363769531,5.478206634521484,0.8863293864370291
TBCA,2.0869343280792236,5.4767746925354,0.48546824542518835
IDH2,1.562835454940796,5.4758501052856445,0.3586652314316469
SH3BGRL3,5.1817145347595215,5.472047805786133,0.8858988159311088
ZNF207,2.544490098953247,5.470370292663574,0.6172228202368137
CANX,2.7683498859405518,5.4677910804748535,0.6658772874058128
ITGB1,2.303270101547241,5.4662675857543945,0.5920344456404736
PPP2R1A,2.1637606620788574,5.463506698608398,0.527448869752422
DDT,1.874933123588562,5.458771228790283,0.42303552206673845
U2AF1,2.276939630508423,5.4580302238464355,0.5395048439181916
TEX264,1.6054617166519165,5.457783222198486,0.35694294940796556
MVP,1.9523406028747559,5.454371929168701,0.4805166846071044
MOB1A,2.0272271633148193,5.453224182128906,0.49623250807319697
C9orf16,2.1143360137939453,5.450830936431885,0.4945102260495156
PSMD6,1.7508573532104492,5.449453353881836,0.40710441334768566
RAB7A,2.8775317668914795,5.438068389892578,0.6716899892357373
CD58,1.6491453647613525,5.434093952178955,0.3808396124865447
ADRM1,1.8616915941238403,5.432561874389648,0.43013993541442413
ARHGAP9,1.7346051931381226,5.423776149749756,0.41894510226049514
NDUFV1,1.9328635931015015,5.410610198974609,0.4671689989235737
HDAC1,1.9087623357772827,5.402946949005127,0.4723358449946179
FYB,2.3621461391448975,5.400036811828613,0.6127018299246502
ROMO1,1.9935439825057983,5.397716045379639,0.4572658772874058
CALU,1.954180359840393,5.395399570465088,0.5664155005382131
DGKA,1.534752607345581,5.3949103355407715,0.37782561894510225
UQCRC2,1.8769564628601074,5.387365818023682,0.452529601722282
POLR1D,1.8461177349090576,5.385898590087891,0.44370290635091497
TMA7,4.418985366821289,5.383418083190918,0.8219590958019376
CYSTM1,1.5170881748199463,5.379566192626953,0.3255113024757804
MEA1,1.70863938331604,5.377035617828369,0.38622174381054897
ANXA7,1.8183799982070923,5.376837730407715,0.45382131324004304
SKP1,3.8226377964019775,5.370066165924072,0.7808396124865447
DEF6,1.5722016096115112,5.367178440093994,0.38170075349838534
ADIPOR1,1.902609944343567,5.363701820373535,0.45769644779332613
DPP7,2.158787488937378,5.363513469696045,0.5203444564047363
CAP1,3.5345096588134766,5.355995178222656,0.7730893433799785
CAPZA1,3.7697818279266357,5.3429789543151855,0.8314316469321852
DDX39A,1.6906887292861938,5.337859153747559,0.3974165769644779
C19orf53,2.211111068725586,5.336718559265137,0.5175457481162541
GYPC,2.385180711746216,5.336573123931885,0.5722282023681378
SEPT2,2.525719404220581,5.332686424255371,0.63745963401507
NOL7,1.8981801271438599,5.332596778869629,0.44520990312163616
TNFAIP8,1.371495008468628,5.327191352844238,0.310010764262648
PVRIG,1.3659327030181885,5.32045316696167,0.31733046286329386
PRMT2,2.195214033126831,5.315605163574219,0.5640473627556513
CCT4,1.9514703750610352,5.312447547912598,0.4813778256189451
MAT2A,2.338244676589966,5.3120503425598145,0.58751345532831
TMED4,1.8363813161849976,5.310794353485107,0.4342303552206674
DCTN3,1.6289634704589844,5.303834915161133,0.3657696447793326
RHOG,1.422226071357727,5.303804397583008,0.3190527448869752
LOC100507463,1.461710810661316,5.301581859588623,0.3539289558665231
RBX1,2.2199697494506836,5.300521373748779,0.5201291711517761
HCP5,1.3267155885696411,5.296043395996094,0.294940796555436
PSMD13,1.8104736804962158,5.291527271270752,0.44434876210979546
DNAJB6,2.1915581226348877,5.289764881134033,0.5511302475780409
CD44,3.813563823699951,5.289183616638184,0.8269106566200215
CASP1,1.3619178533554077,5.2835283279418945,0.2981700753498385
STOM,2.605966091156006,5.282751083374023,0.7797631862217438
CD97,1.8614321947097778,5.281583786010742,0.5016146393972013
VCP,2.3360846042633057,5.278347969055176,0.5888051668460711
CTNNB1,2.793443202972412,5.277763366699219,0.7347685683530678
SRI,2.0537867546081543,5.27609920501709,0.48955866523143166
SCAND1,1.9429254531860352,5.275060653686523,0.45554359526372445
BUD31,1.8588557243347168,5.273874759674072,0.4355220667384284
SUMO1,2.0606768131256104,5.273499965667725,0.4891280947255113
ESD,1.5967727899551392,5.272785186767578,0.36017222820236816
ARL6IP4,2.253563165664673,5.2719950675964355,0.5390742734122712
C9orf142,1.7220896482467651,5.265773773193359,0.4068891280947255
TXN2,1.7425966262817383,5.265214443206787,0.40279870828848224
NCL,3.7543506622314453,5.263021469116211,0.8023681377825619
SEC13,1.724261999130249,5.261539936065674,0.4045209903121636
NDUFB5,1.7551838159561157,5.2611470222473145,0.40667384284176533
CALR,4.085034370422363,5.258695602416992,0.8546824542518837
STK17B,2.941737174987793,5.255822658538818,0.816361679224973
HSPA9,2.433809280395508,5.251602649688721,0.6193756727664155
VPS25,1.5267548561096191,5.240705966949463,0.33993541442411196
HAX1,1.7100334167480469,5.236774444580078,0.3976318622174381
SDHA,1.8065026998519897,5.235661029815674,0.46652314316469323
TMED3,1.555480718612671,5.235273361206055,0.35005382131324003
CSDE1,3.1661128997802734,5.22998571395874,0.7547900968783638
SLC25A39,1.7006325721740723,5.227559566497803,0.3997847147470398
VPS29,1.8781031370162964,5.225345134735107,0.44951560818083963
SNX2,1.667037010192871,5.225125312805176,0.41227125941872983
TWF2,1.5920501947402954,5.220895290374756,0.37007534983853607
ANAPC5,2.092796802520752,5.217012405395508,0.5345532831001076
FKBP5,2.231250524520874,5.214229583740234,0.8266953713670614
MSN,3.360173225402832,5.2132568359375,0.7761033369214209
CNIH,1.672847867012024,5.205225944519043,0.3976318622174381
ILK,1.6934378147125244,5.1991167068481445,0.4021528525296017
ATP6V1B2,1.7097293138504028,5.198583126068115,0.4109795479009688
CYBA,1.6481345891952515,5.193769931793213,0.39052744886975244
EIF3I,3.161485433578491,5.193243503570557,0.8301399354144241
FDPS,1.6762784719467163,5.188854217529297,0.393756727664155
RBBP7,1.719717264175415,5.187666416168213,0.41356297093649086
SKAP1,1.388547420501709,5.187103748321533,0.3263724434876211
MRPS34,1.754557490348816,5.186703681945801,0.406243272335845
CTSK,1.1748149394989014,5.185523509979248,0.2473627556512379
YWHAE,2.852940797805786,5.181915760040283,0.6865446716899892
HEXA,1.8796254396438599,5.176839351654053,0.45554359526372445
ATOX1,1.5759879350662231,5.1689558029174805,0.3483315392895587
SERINC1,2.809004545211792,5.167365550994873,0.7836383207750269
STOML2,1.6258156299591064,5.164684772491455,0.38170075349838534
TRAPPC5,1.6492599248886108,5.16230583190918,0.3756727664155005
EIF4G2,3.3626065254211426,5.161669731140137,0.7804090419806243
NDUFA11,2.5932576656341553,5.161439418792725,0.7102260495156082
SLC2A3,2.2547006607055664,5.158140182495117,0.6749192680301399
HMGN2,4.3277459144592285,5.1571364402771,0.8510226049515608
ATG3,1.5254857540130615,5.154795169830322,0.35608180839612485
STRAP,1.928792953491211,5.154424667358398,0.48245425188374597
IGLL5,0.8625476956367493,5.15255069732666,0.15285252960172227
ANKRD44,2.484922409057617,5.1521315574646,0.680086114101184
SUMF2,2.51550555229187,5.1476874351501465,0.7244348762109796
AAMP,1.7600997686386108,5.147361755371094,0.4327233584499462
ARL2,1.67755925655365,5.145785808563232,0.3823466092572659
NDUFB3,2.1643598079681396,5.138924598693848,0.5201291711517761
LOC550643,1.6050814390182495,5.135717391967773,0.37351991388589884
IDH3B,1.6903645992279053,5.1318535804748535,0.4180839612486545
NRBP1,1.7848800420761108,5.12759256362915,0.4454251883745963
SURF4,1.9843493700027466,5.127055644989014,0.5035522066738428
PDCD5,1.6008577346801758,5.124841690063477,0.3634015069967707
ANP32B,2.3854918479919434,5.1145920753479,0.592465016146394
IFI16,3.3689382076263428,5.113901138305664,0.7870828848223896
PSMD2,1.7061936855316162,5.108914375305176,0.4247578040904198
GSDMD,1.5015376806259155,5.108865261077881,0.3618945102260495
HIST1H2BK,1.5387637615203857,5.098529815673828,0.35995694294940794
QPCT,1.1885522603988647,5.097508907318115,0.2473627556512379
MMADHC,1.6748034954071045,5.095041751861572,0.4002152852529602
RPA2,1.540847659111023,5.091165542602539,0.37115177610333694
HNRNPR,2.2580323219299316,5.088968276977539,0.581270182992465
CD9,1.3050916194915771,5.088602542877197,0.27728740581270184
NDUFS6,1.6330565214157104,5.087984561920166,0.3789020452099031
HADHB,1.8219212293624878,5.087497234344482,0.4615715823466093
OSTF1,1.568515658378601,5.086340427398682,0.38256189451022604
MRPL33,1.7393819093704224,5.084577560424805,0.4073196986006459
OCIAD2,1.3281891345977783,5.0841522216796875,0.2854682454251884
SCP2,1.922925353050232,5.0794572830200195,0.4794402583423035
LIME1,1.1593506336212158,5.078519344329834,0.23832077502691065
SRSF6,2.729185104370117,5.075326442718506,0.7166846071044134
AP3S1,1.7240173816680908,5.072887897491455,0.4264800861141012
BIN2,1.2515263557434082,5.07230281829834,0.27922497308934335
AURKAIP1,1.6989887952804565,5.072017192840576,0.3963401506996771
ACP1,1.785252571105957,5.071842193603516,0.4381054897739505
IK,2.0313055515289307,5.071737766265869,0.5291711517761033
SELM,1.329149603843689,5.069431781768799,0.2861141011840689
WBSCR22,1.794358253479004,5.06276273727417,0.4783638320775027
CCNI,2.966627359390259,5.062267303466797,0.718837459634015
MRPL55,1.4250167608261108,5.061652183532715,0.31173304628632936
RSL24D1,1.8436996936798096,5.0608086585998535,0.4635091496232508
HADHA,2.0398576259613037,5.060746669769287,0.5205597416576965
ZFAND6,1.6939070224761963,5.060511112213135,0.41442411194833156
ST13,2.577596664428711,5.059957981109619,0.6381054897739504
FTL,7.2955851554870605,5.054265975952148,0.9545748116254037
CCNG1,1.5662044286727905,5.0375471115112305,0.3791173304628633
COX6C,2.830843925476074,5.036513805389404,0.6585575888051668
LEPROTL1,2.100656747817993,5.035682678222656,0.5606027987082884
MGAT1,1.859653353691101,5.0348687171936035,0.469967707212056
KARS,1.7457648515701294,5.034285068511963,0.438751345532831
PLP1,1.3136552572250366,5.028168201446533,0.2906350914962325
HMGN4,1.665287733078003,5.0281662940979,0.41980624327233584
TMEM14C,1.6881821155548096,5.0269246101379395,0.3967707212055974
TMED10,2.7414638996124268,5.02681827545166,0.777610333692142
TMX2,1.623584270477295,5.026647567749023,0.3883745963401507
NDUFS2,1.682080864906311,5.023914813995361,0.4021528525296017
FAM32A,1.472952961921692,5.016898155212402,0.34467168998923575
PDCD4,2.411355972290039,5.016791343688965,0.6831001076426265
AKR1B1,1.4867172241210938,5.013919353485107,0.34940796555435955
CRYAB,1.0887372493743896,5.013559818267822,0.21291711517761033
DGCR6L,1.5638573169708252,5.012871742248535,0.35888051668460713
UQCR10,2.3070809841156006,5.007926940917969,0.5586652314316469
DNAJC8,2.02960467338562,5.007867336273193,0.516254036598493
PPP2R5C,2.1367998123168945,5.003256320953369,0.6008611410118407
PDHB,1.569563388824463,5.00288200378418,0.37308934337997846
CNN3,1.4235910177230835,5.002657890319824,0.3280947255113025
TRAM1,2.323122024536133,5.001978874206543,0.592465016146394
OS9,2.1402225494384766,5.0018744468688965,0.5369214208826696
CDC42SE1,2.1306097507476807,5.000472068786621,0.5791173304628633
NDUFAF3,1.8896784782409668,4.995609283447266,0.4559741657696448
AHSA1,1.6531846523284912,4.995518207550049,0.40516684607104414
TCP1,1.866197109222412,4.992799758911133,0.48353067814854683
MBP,1.7913740873336792,4.989006996154785,0.4714747039827772
SCAMP3,1.7310197353363037,4.988475322723389,0.42260495156081807
ATP5F1,2.6598408222198486,4.988144874572754,0.7640473627556512
AP2S1,1.7277169227600098,4.9881415367126465,0.4092572658772874
STRA13,1.476163625717163,4.985230445861816,0.33240043057050594
PYURF,1.8949012756347656,4.98343563079834,0.4673842841765339
PIGY,1.8949012756347656,4.98343563079834,0.4673842841765339
RNPS1,1.9896658658981323,4.983310222625732,0.5119483315392895
STIP1,1.85008704662323,4.9832844734191895,0.4682454251883746
GPS1,1.6080305576324463,4.967624187469482,0.3844994617868676
SNURF,2.0825095176696777,4.9667181968688965,0.5268030139935415
CLDND1,1.9162826538085938,4.963167667388916,0.505059203444564
CSNK1A1,2.5580923557281494,4.961780548095703,0.6469321851453176
EIF4B,3.702808380126953,4.959634304046631,0.8219590958019376
ARID5A,1.3230098485946655,4.957375526428223,0.3123789020452099
CBX3,2.3349761962890625,4.95428991317749,0.6195909580193757
ABRACL,1.5914345979690552,4.95388126373291,0.38536060279870826
PRNP,1.6736772060394287,4.95220422744751,0.418729817007535
EIF1B,1.916205644607544,4.951000213623047,0.4964477933261572
GIMAP2,1.105818748474121,4.950178623199463,0.22970936490850377
RASSF5,1.3512344360351562,4.944972038269043,0.3177610333692142
FLOT1,1.6723451614379883,4.943933963775635,0.40904198062432723
TBCB,1.8617287874221802,4.943367958068848,0.46221743810548976
PFKL,1.9356364011764526,4.943343162536621,0.49278794402583426
ELOVL5,1.9817827939987183,4.938270092010498,0.5405812701829925
VAMP5,1.2956743240356445,4.937905311584473,0.27944025834230357
PTPN7,1.31755793094635,4.937611103057861,0.31733046286329386
PPP2CA,1.874806523323059,4.937236785888672,0.48439181916038754
IGFLR1,1.3118962049484253,4.9367241859436035,0.2960172228202368
DGUOK,1.7570379972457886,4.935966968536377,0.4251883745963401
POLR2K,1.6794580221176147,4.932593822479248,0.40559741657696446
TRAPPC2L,1.4483600854873657,4.931617736816406,0.323789020452099
ADSL,1.4987825155258179,4.931171417236328,0.3519913885898816
MCL1,2.2748146057128906,4.93098783493042,0.6191603875134554
LINC00152,1.6514568328857422,4.928127288818359,0.41205597416576967
TANK,1.5978193283081055,4.926470756530762,0.4109795479009688
IGBP1,1.5030300617218018,4.924652576446533,0.3681377825618945
SBDS,1.7634323835372925,4.924025058746338,0.44714747039827774
SPSB3,1.4832676649093628,4.9214277267456055,0.3634015069967707
MFGE8,1.3564753532409668,4.919309139251709,0.32831001076426264
FCRL3,1.144643783569336,4.915764808654785,0.24951560818083962
RAB1B,2.329115152359009,4.915380477905273,0.6023681377825619
HMGB2,1.3904235363006592,4.911250591278076,0.33153928955866524
XRCC5,2.4873969554901123,4.9058918952941895,0.6404736275565124
MRPL20,1.7567418813705444,4.903714656829834,0.4279870828848224
CCT2,1.7061272859573364,4.8948516845703125,0.42540365984930034
NR4A2,1.8778449296951294,4.893265724182129,0.5429494079655544
TCIRG1,1.6103079319000244,4.892250061035156,0.42368137782561893
NAA20,1.514243721961975,4.8897385597229,0.3528525296017223
RCSD1,1.3647658824920654,4.8867363929748535,0.34381054897739505
PSMC3,1.6288971900939941,4.884664535522461,0.40882669537136707
HNRNPA1,5.380322456359863,4.879971027374268,0.911302475780409
CNPY3,1.7625614404678345,4.876104354858398,0.4520990312163617
TSG101,1.4779833555221558,4.876083850860596,0.355005382131324
NPM1,5.922327518463135,4.8712544441223145,0.9214208826695371
NDUFA3,1.7742950916290283,4.871016025543213,0.4279870828848224
WDR1,2.456512212753296,4.870355606079102,0.6381054897739504
SRSF3,3.4636685848236084,4.865936279296875,0.8015069967707212
VDAC3,1.5239441394805908,4.86130952835083,0.3698600645855759
ACAP1,1.5383681058883667,4.859705448150635,0.3944025834230355
UBA1,2.208913564682007,4.855403423309326,0.5946178686759956
SF3B1,3.3636929988861084,4.851615905761719,0.7961248654467169
TOMM22,1.848604440689087,4.849791526794434,0.4695371367061356
MYEOV2,1.5705698728561401,4.848961353302002,0.3653390742734123
QARS,1.7755255699157715,4.846648693084717,0.45769644779332613
TMEM208,1.3505445718765259,4.8461737632751465,0.30269106566200216
HAVCR2,1.7161741256713867,4.846084117889404,0.6839612486544672
SLC20A1,1.626224398612976,4.844289302825928,0.4445640473627557
NDUFS3,1.488727331161499,4.842806816101074,0.3451022604951561
FKBP2,1.6625968217849731,4.835078239440918,0.395048439181916
ETFB,1.5095206499099731,4.834151268005371,0.3573735199138859
TM9SF2,2.0378682613372803,4.825911998748779,0.5554359526372443
NONO,3.3164916038513184,4.823788166046143,0.7978471474703983
HSD17B10,1.4234886169433594,4.822910785675049,0.32206673842841765
MT1X,1.239574909210205,4.818764686584473,0.27018299246501615
HIF1A,2.043322801589966,4.818368434906006,0.5797631862217438
GDF15,1.0320930480957031,4.8177995681762695,0.20538213132400432
SP110,1.9371888637542725,4.817197799682617,0.5339074273412271
GNPTG,1.6226675510406494,4.812739849090576,0.39289558665231433
CLEC2D,2.275510787963867,4.812654972076416,0.7360602798708289
PPP1CC,1.6144015789031982,4.807969093322754,0.41420882669537135
NDUFA7,1.5624074935913086,4.807737350463867,0.3698600645855759
LINC00493,1.5894302129745483,4.807253837585449,0.3761033369214209
MORF4L1,2.9496140480041504,4.8055548667907715,0.7466092572658772
EMB,1.7063828706741333,4.8043060302734375,0.4592034445640474
ATP6V0D1,1.5981115102767944,4.802367210388184,0.393756727664155
SNRPC,1.7478593587875366,4.80210018157959,0.4331539289558665
LOC100190986,3.7793848514556885,4.797827243804932,0.9089343379978472
SNRPN,1.9230035543441772,4.797762870788574,0.4945102260495156
DARS,1.8168326616287231,4.794846534729004,0.4876210979547901
SEC61A1,2.1000516414642334,4.794551849365234,0.5590958019375672
CD46,2.0385384559631348,4.789644241333008,0.5416576964477934
NAP1L4,2.044461965560913,4.788346767425537,0.5817007534983853
C1orf85,1.4032257795333862,4.7867112159729,0.3280947255113025
PSMC1,1.644005298614502,4.785617351531982,0.4241119483315393
YIF1A,1.4614039659500122,4.782983779907227,0.33842841765339077
CIRBP,3.5281217098236084,4.779964447021484,0.8015069967707212
CBR1,1.3942409753799438,4.7764363288879395,0.3177610333692142
EMC3,1.5571293830871582,4.776175022125244,0.3821313240043057
CCNL2,2.0018341541290283,4.774336814880371,0.5345532831001076
KDELR2,1.806458592414856,4.774019718170166,0.4697524219590958
GPS2,1.4575791358947754,4.773791790008545,0.3627556512378902
UBL7,1.3876904249191284,4.763917922973633,0.32443487621097955
EEF1D,5.367562770843506,4.760392189025879,0.9039827771797632
ARHGEF1,2.251190662384033,4.758892059326172,0.6361679224973089
CARD16,1.3516420125961304,4.758442401885986,0.3091496232508073
MAF1,1.542313814163208,4.7570481300354,0.3823466092572659
SCAMP2,1.634210228919983,4.753916263580322,0.41442411194833156
RNF181,1.7049646377563477,4.753476619720459,0.4129171151776103
CAPZB,2.8018991947174072,4.744701862335205,0.710010764262648
SLC9A3R1,1.4083466529846191,4.74381160736084,0.36598493003229277
SNHG16,2.5015056133270264,4.7414350509643555,0.7976318622174381
TMEM50A,2.017150402069092,4.741117000579834,0.5242195909580194
WDR61,1.4250524044036865,4.7406744956970215,0.33670613562970936
DECR1,1.493863582611084,4.738574981689453,0.3657696447793326
BECN1,1.71095871925354,4.7318830490112305,0.44843918191603876
ACTR2,2.406109571456909,4.731310844421387,0.6654467168998923
MRFAP1L1,1.4782661199569702,4.730865001678467,0.37351991388589884
CBLB,1.893783450126648,4.730165958404541,0.5567276641550054
HSP90AA1,5.020532608032227,4.729694366455078,0.9181916038751345
SLIRP,1.5513758659362793,4.725052833557129,0.3651237890204521
TRAT1,1.1013820171356201,4.7240800857543945,0.23853606027987082
PDIA4,1.7149813175201416,4.7148518562316895,0.4544671689989236
SOD2,1.286486029624939,4.712944030761719,0.3201291711517761
SERPINB9,2.2277393341064453,4.712403774261475,0.7709364908503767
CD96,1.7658131122589111,4.711492538452148,0.6419806243272336
MIEN1,1.3901959657669067,4.710438251495361,0.32508073196986004
GANAB,2.159123182296753,4.709601402282715,0.5905274488697524
ETFA,1.5094025135040283,4.7078752517700195,0.3717976318622174
NDUFA2,1.734561800956726,4.707222938537598,0.4241119483315393
KLF6,3.49792742729187,4.70641565322876,0.8559741657696448
LY9,1.2056074142456055,4.705891132354736,0.2811625403659849
NINJ1,1.2317403554916382,4.705338478088379,0.27771797631862216
FN1,1.1003540754318237,4.702847480773926,0.296232508073197
SARS,2.657032012939453,4.702453136444092,0.840043057050592
DCT,0.8475508093833923,4.698249816894531,0.16878363832077503
COA3,1.4080337285995483,4.69751501083374,0.3242195909580194
IMP3,1.4990959167480469,4.696927070617676,0.3672766415500538
MRPL40,1.395385503768921,4.69059944152832,0.31926803013993543
DNAJB14,1.8522789478302002,4.690553665161133,0.5214208826695371
MRPL14,1.3757866621017456,4.68778657913208,0.3119483315392896
SH2D1A,1.1508291959762573,4.672179222106934,0.2566200215285253
IAH1,1.4274232387542725,4.671908855438232,0.3373519913885899
PYHIN1,1.2754360437393188,4.671006202697754,0.3085037674919268
SHC1,1.7269095182418823,4.6705803871154785,0.45618945102260494
RHBDD2,1.560381293296814,4.6704511642456055,0.40710441334768566
NELFE,1.5566679239273071,4.667327404022217,0.38643702906350913
ELOVL1,1.5235538482666016,4.666234493255615,0.38019375672766414
APOA1BP,1.5240907669067383,4.666176795959473,0.367491926803014
PCNP,1.915289044380188,4.665729999542236,0.5227125941872982
PIP4K2A,2.5133328437805176,4.660649299621582,0.6992465016146394
PEF1,1.4356156587600708,4.660409927368164,0.3547900968783638
HNRNPC,3.8867814540863037,4.660104751586914,0.8398277717976319
GPAA1,1.5920661687850952,4.659460544586182,0.39483315392895585
TMC6,1.6046615839004517,4.658938407897949,0.44757804090419806
N4BP2L2,2.447157621383667,4.656956195831299,0.6693218514531755
TMEM123,1.7830246686935425,4.656655788421631,0.4932185145317546
PLAC8,2.285310983657837,4.65393590927124,0.7515608180839612
CD82,2.5662310123443604,4.653240203857422,0.7847147470398278
YTHDF2,1.758253812789917,4.653014183044434,0.469967707212056
POLR2L,2.058194637298584,4.647592544555664,0.5280947255113024
HLA-B,7.999382972717285,4.647241592407227,0.9739504843918192
ZFP36L1,3.650761842727661,4.646947860717773,0.8611410118406889
DOK2,1.0521947145462036,4.645020484924316,0.2155005382131324
GZMH,0.7623109221458435,4.64253044128418,0.12271259418729817
FYN,1.6167734861373901,4.633748531341553,0.48116254036598494
TM4SF1,0.9895306825637817,4.631429672241211,0.1967707212055974
PTGER4,1.1783729791641235,4.6294636726379395,0.27814854682454254
C22orf28,1.4752585887908936,4.622159481048584,0.3681377825618945
DANCR,1.3494302034378052,4.621542930603027,0.3255113024757804
LAMTOR2,1.5224053859710693,4.621476173400879,0.3597416576964478
PSMG2,1.478414535522461,4.621310710906982,0.36361679224973087
CKLF,1.6407668590545654,4.620832443237305,0.4191603875134553
DHPS,1.4444230794906616,4.617577075958252,0.355005382131324
SDR39U1,1.4040579795837402,4.614425182342529,0.3534983853606028
COMMD3,1.3877111673355103,4.613992691040039,0.3321851453175457
SNRPA1,1.6579068899154663,4.613679885864258,0.4378902045209903
SND1,1.9992742538452148,4.613382339477539,0.5435952637244349
LAP3,1.4937471151351929,4.6024885177612305,0.388805166846071
FAM65B,1.5814229249954224,4.60089635848999,0.5903121636167923
JTB,1.7343062162399292,4.598682880401611,0.4497308934337998
LSM3,1.5971001386642456,4.598045825958252,0.3963401506996771
ARPC5L,1.443933367729187,4.5980072021484375,0.3767491926803014
IDI1,1.5166456699371338,4.593043327331543,0.3946178686759957
SLAMF6,1.3608624935150146,4.592076301574707,0.49149623250807317
FKBP11,1.2537332773208618,4.5912346839904785,0.2869752421959096
POLR2J,1.8714098930358887,4.589433670043945,0.4908503767491927
ARRDC3,1.7307019233703613,4.588509559631348,0.4936490850376749
TSC22D1,1.424416184425354,4.588186264038086,0.3573735199138859
AKR1A1,1.432005763053894,4.5839619636535645,0.35091496232508074
IVNS1ABP,1.903093695640564,4.583310127258301,0.5392895586652314
PARVG,1.2946277856826782,4.580352783203125,0.3194833153928956
CDK5RAP3,2.0101962089538574,4.579380989074707,0.5433799784714747
NARF,1.537127137184143,4.579108238220215,0.40279870828848224
G3BP1,1.8904647827148438,4.578774452209473,0.5343379978471474
TMEM243,1.361146092414856,4.577794075012207,0.33907427341227125
IP6K2,1.5284843444824219,4.572210788726807,0.40043057050592035
TMBIM4,2.7155489921569824,4.571942329406738,0.7778256189451023
LOC541471,1.443711519241333,4.571940898895264,0.355005382131324
C1orf63,1.663825511932373,4.571431636810303,0.4441334768568353
NOP58,2.1727914810180664,4.571165084838867,0.6157158234660925
IGSF8,1.42742121219635,4.570182800292969,0.356297093649085
NGFRAP1,1.4295438528060913,4.566206932067871,0.33390742734122714
RANBP1,1.4965282678604126,4.5660810470581055,0.37029063509149623
ECHS1,1.407268762588501,4.565122127532959,0.34058127018299245
HNRNPK,4.749764442443848,4.563460350036621,0.9016146393972013
SEC22B,2.0039443969726562,4.562742233276367,0.5502691065662002
TSPAN3,1.741834282875061,4.562188148498535,0.4536060279870829
UGP2,1.566009283065796,4.556293487548828,0.42260495156081807
C16orf13,1.47600257396698,4.553855895996094,0.35651237890204523
RGS10,1.4614413976669312,4.550815105438232,0.3638320775026911
ACADVL,1.6583784818649292,4.544068813323975,0.4488697524219591
ZMYM6NB,1.2736167907714844,4.541033744812012,0.2977395048439182
GPR56,1.5171942710876465,4.540701866149902,0.46458557588805166
NAA10,1.5364073514938354,4.539575576782227,0.381270182992465
EXOC4,1.6856763362884521,4.537083148956299,0.4604951560818084
COPG1,1.5737391710281372,4.533653259277344,0.4288482238966631
IFI27L2,1.407423734664917,4.533501148223877,0.3317545748116254
ITGAL,1.7335927486419678,4.53072452545166,0.6596340150699677
TINF2,1.2991746664047241,4.527571678161621,0.323789020452099
PGLS,1.4100205898284912,4.525906562805176,0.33993541442411196
NDUFA6,1.8701714277267456,4.525711536407471,0.4874058127018299
GBP5,1.4944019317626953,4.522124290466309,0.5840688912809473
NDUFC1,1.7405846118927002,4.522053241729736,0.44198062432723356
WSB1,2.715869665145874,4.521166801452637,0.8092572658772874
CDK4,1.796669840812683,4.516911029815674,0.542518837459634
OAZ1,5.938378810882568,4.516077995300293,0.9214208826695371
ARHGAP30,1.384334921836853,4.515429973602295,0.36490850376749195
RASSF1,1.2542552947998047,4.514702320098877,0.31840688912809473
PWP1,1.5203936100006104,4.512746334075928,0.3978471474703983
SRPR,1.7527834177017212,4.5097432136535645,0.48568353067814857
CRIP2,1.1145439147949219,4.509721279144287,0.24456404736275564
ST6GAL1,1.6740810871124268,4.506123065948486,0.4977395048439182
CD320,1.2610960006713867,4.504481792449951,0.2897739504843918
GBP1,1.2836487293243408,4.504310131072998,0.3377825618945102
REEP5,1.9698399305343628,4.50404167175293,0.5276641550053821
NDUFB11,1.9508594274520874,4.50369119644165,0.4983853606027987
PTTG1,1.1698510646820068,4.502706527709961,0.26458557588805165
UQCR11,2.625089645385742,4.50192928314209,0.6594187298170076
RNF19A,1.801896572113037,4.496564865112305,0.5532831001076426
ABHD14B,1.5922385454177856,4.496069431304932,0.41743810548977395
CD4,1.022923469543457,4.496025562286377,0.2238966630785791
PSMD7,1.6780133247375488,4.494287490844727,0.44477933261571584
FAM162A,1.3804618120193481,4.493860244750977,0.33347685683530676
CTTN,1.4775817394256592,4.489871501922607,0.3745963401506997
CD55,1.8001387119293213,4.4895477294921875,0.5257265877287406
CXCR3,0.9482803344726562,4.488409042358398,0.18751345532831
AGTRAP,1.2472797632217407,4.487646102905273,0.2902045209903122
CCDC12,1.3428373336791992,4.486592769622803,0.3263724434876211
TFG,1.4751347303390503,4.48367166519165,0.37351991388589884
ZNHIT1,1.745627522468567,4.481963157653809,0.4454251883745963
GZMM,0.9634294509887695,4.481731414794922,0.19009687836383207
NOSIP,1.300405502319336,4.478542804718018,0.3416576964477933
TAX1BP1,2.3521878719329834,4.474416255950928,0.6340150699677072
CLPP,1.334050178527832,4.474285125732422,0.32163616792249733
PMP22,1.228921890258789,4.473416328430176,0.2783638320775027
SP140,1.2276095151901245,4.473398685455322,0.3076426264800861
DNAJC7,1.6359107494354248,4.4718546867370605,0.43767491926803015
NR4A1,1.3324108123779297,4.47103214263916,0.3627556512378902
CD59,1.6608175039291382,4.470723628997803,0.5041980624327234
COPB1,1.787226915359497,4.468214511871338,0.516254036598493
CXCR6,0.7862766981124878,4.465897560119629,0.14553283100107642
IMP4,1.277424931526184,4.463626861572266,0.29903121636167923
TMEM109,1.792409062385559,4.462605953216553,0.4813778256189451
FERMT3,1.1611616611480713,4.4606242179870605,0.27728740581270184
NDUFB6,1.71273934841156,4.459808826446533,0.4365984930032293
NUDC,2.3297009468078613,4.458867073059082,0.7250807319698601
SSU72,1.5314205884933472,4.456445217132568,0.4092572658772874
SRSF5,4.27654504776001,4.456099987030029,0.8684607104413348
NSMCE1,1.368728518486023,4.455687522888184,0.3326157158234661
SNX3,1.4743127822875977,4.451178073883057,0.3767491926803014
SDHAF2,1.4589433670043945,4.447391033172607,0.37115177610333694
PCNA,1.1906604766845703,4.446177005767822,0.27771797631862216
SAMSN1,1.1035345792770386,4.444500923156738,0.27879440258342303
DCTN2,1.484272837638855,4.443706035614014,0.40430570505920344
ATP5L,2.9754226207733154,4.443517208099365,0.722497308934338
UBE2V1,2.2280430793762207,4.442220211029053,0.6542518837459634
ARHGAP25,1.2497825622558594,4.44074010848999,0.3255113024757804
COX17,1.514340877532959,4.4362921714782715,0.37244348762109797
AMD1,1.6156339645385742,4.435936450958252,0.4671689989235737
ANP32E,1.7880374193191528,4.434518814086914,0.5115177610333692
TMEM173,1.3555469512939453,4.434494972229004,0.35694294940796556
HMOX2,1.4929836988449097,4.430515766143799,0.42540365984930034
MRPS7,1.4587470293045044,4.429236888885498,0.3634015069967707
ANKRD36BP1,1.8141775131225586,4.428005695343018,0.5345532831001076
RAB1A,1.9220187664031982,4.427823066711426,0.5196986006458557
FAM96A,1.4328761100769043,4.42611026763916,0.3573735199138859
MRPL37,1.4355660676956177,4.420884132385254,0.3653390742734123
FAM195B,1.516350269317627,4.419708251953125,0.37825618945102263
PSMD14,1.3844341039657593,4.418440341949463,0.35457481162540366
SARNP,1.397725224494934,4.417110443115234,0.3506996770721206
MRPL3,1.4176143407821655,4.41551399230957,0.3590958019375673
CDC123,1.4082328081130981,4.414663314819336,0.3539289558665231
PPCS,1.5206007957458496,4.413824558258057,0.3976318622174381
CAV1,1.3597935438156128,4.40979528427124,0.33433799784714746
APLP2,1.6174185276031494,4.404879093170166,0.4469321851453176
ANKRD10,2.2199599742889404,4.404530048370361,0.6714747039827772
POMP,2.169508218765259,4.403629779815674,0.5838536060279871
C11orf31,2.424208402633667,4.403181076049805,0.6622174381054897
ELF1,2.0657360553741455,4.4012603759765625,0.6215285252960172
SP100,3.605053424835205,4.400879859924316,0.9560818083961249
TMEM9B,1.356762409210205,4.398857116699219,0.3455328310010764
LSM10,1.2482954263687134,4.397996425628662,0.291280947255113
PSTPIP1,1.0611900091171265,4.395815372467041,0.238751345532831
RHOF,1.6948771476745605,4.392849445343018,0.6256189451022605
PFDN1,1.3887940645217896,4.391434669494629,0.3558665231431647
EIF2S3,3.4744067192077637,4.391075134277344,0.8848223896663079
DUSP4,1.7725343704223633,4.387864112854004,0.5018299246501615
IGFBP7,0.9485457539558411,4.387720584869385,0.20301399354144242
PFKP,1.4820915460586548,4.387279033660889,0.3976318622174381
CCT5,1.6793495416641235,4.387205123901367,0.4503767491926803
BTG1,2.9714035987854004,4.383577346801758,0.8148546824542519
AMZ2,1.4381035566329956,4.383127212524414,0.38536060279870826
LOC100132247,2.4916555881500244,4.381403923034668,0.6878363832077503
IFI35,1.2921292781829834,4.378690242767334,0.31453175457481164
ATF7IP,2.092111349105835,4.376519680023193,0.63745963401507
NCOA4,1.5622836351394653,4.371801376342773,0.4316469321851453
MRPS33,1.319741129875183,4.369925022125244,0.316254036598493
PLOD3,1.3824191093444824,4.3683648109436035,0.34617868675995694
NELFCD,1.5664366483688354,4.367330551147461,0.4228202368137783
MRPL24,1.3647749423980713,4.367185592651367,0.3321851453175457
SLC39A1,1.3669133186340332,4.363577365875244,0.3511302475780409
PFDN2,1.4202539920806885,4.361561298370361,0.3468245425188375
PNKD,1.465903401374817,4.360258102416992,0.3666307857911733
PPM1G,1.5455374717712402,4.359121799468994,0.4204520990312164
ACAA1,1.427182674407959,4.35818338394165,0.37868675995694295
SLC44A2,1.5239627361297607,4.356708526611328,0.4333692142088267
BATF,0.9606255292892456,4.3545098304748535,0.20258342303552207
NT5C,1.3496657609939575,4.3501458168029785,0.33476856835306784
SERTAD1,1.079453706741333,4.345192909240723,0.23918191603875136
CAPN2,1.7290763854980469,4.343704700469971,0.5270182992465016
ARGLU1,3.104691743850708,4.343648433685303,0.8006458557588805
DRG1,1.3784672021865845,4.343359470367432,0.34768568353067814
SAR1A,2.0342800617218018,4.343154430389404,0.5918191603875135
TIMM23,1.5049500465393066,4.342301845550537,0.40430570505920344
FARSA,1.3091670274734497,4.3418731689453125,0.3257265877287406
HGS,1.727122187614441,4.341371059417725,0.47168998923573735
IDH3G,1.3146138191223145,4.340311527252197,0.32680301399354145
APOC2,0.8140883445739746,4.3387370109558105,0.14854682454251883
PCBP1,2.32879638671875,4.336333274841309,0.6512378902045209
CHMP4A,1.4155486822128296,4.334958553314209,0.3672766415500538
NDUFA5,1.6185123920440674,4.3347063064575195,0.43745963401507
COMT,1.5315600633621216,4.334353923797607,0.38945102260495157
SLFN5,1.398357629776001,4.3339362144470215,0.45532831001076424
ALDH9A1,1.3513356447219849,4.333131313323975,0.3580193756727664
OTUB1,1.9390864372253418,4.332061767578125,0.5369214208826696
LAMP2,2.25266170501709,4.327852249145508,0.7857911733046287
GRB2,2.8944058418273926,4.327401161193848,0.8146393972012917
SLC35B2,1.3768157958984375,4.327110767364502,0.3504843918191604
ATIC,1.377980351448059,4.324774742126465,0.3519913885898816
SPCS2,2.0430800914764404,4.324634075164795,0.5877287405812702
NOP56,1.658748745918274,4.324328899383545,0.4635091496232508
MAPRE1,1.5578769445419312,4.324312210083008,0.4193756727664155
GADD45GIP1,1.346055030822754,4.323039531707764,0.33110871905274486
GLUL,1.3812713623046875,4.322912693023682,0.3743810548977395
UPK3BL,1.899369478225708,4.3227009773254395,0.5939720129171152
EGLN2,1.3203635215759277,4.321901798248291,0.3377825618945102
COX14,1.5075345039367676,4.321414947509766,0.38751345532831
MRPL43,1.2848621606826782,4.3209147453308105,0.3199138858988159
ACTG1,7.512224197387695,4.310086250305176,0.9638320775026911
VIMP,1.4705764055252075,4.30936861038208,0.3829924650161464
SUCLG1,1.485933542251587,4.308613300323486,0.3879440258342304
GTF3C6,1.4126280546188354,4.307814598083496,0.3519913885898816
CMTM6,1.6968953609466553,4.30661678314209,0.483745963401507
CMC2,1.415654182434082,4.304745197296143,0.35844994617868675
HMG20B,1.3947315216064453,4.303639888763428,0.35543595263724437
CREM,1.3460602760314941,4.299139499664307,0.3797631862217438
CKS2,1.1454700231552124,4.290535926818848,0.26501614639397203
ORMDL1,1.7850624322891235,4.287787437438965,0.4988159311087191
SNRPD3,1.894391655921936,4.285058498382568,0.5091496232508074
MX1,1.1665362119674683,4.284987926483154,0.30182992465016145
ATP5G3,2.36340069770813,4.2844929695129395,0.6176533907427342
TARP,0.811181902885437,4.283668518066406,0.14983853606027986
PARP9,1.6408030986785889,4.276925563812256,0.5640473627556513
TERF2IP,1.6207035779953003,4.2716593742370605,0.4596340150699677
JAK1,2.239901304244995,4.270423412322998,0.6652314316469322
MRPL41,1.4277476072311401,4.269835472106934,0.3528525296017223
EVI2A,1.3385721445083618,4.262216567993164,0.366200215285253
GNG10,1.4259498119354248,4.262151718139648,0.36254036598493006
RABGGTB,1.5012643337249756,4.26177453994751,0.3991388589881593
DUSP23,1.2812540531158447,4.260960102081299,0.3048439181916039
BCL2A1,1.0060696601867676,4.2588067054748535,0.21894510226049516
DHX15,1.5793853998184204,4.257976531982422,0.4529601722282024
SRSF7,2.4590654373168945,4.257430076599121,0.6792249730893434
TXNL1,1.3576151132583618,4.256840229034424,0.34467168998923575
LYPLA2,1.3827670812606812,4.256525993347168,0.35134553283100106
BANF1,1.9379397630691528,4.253708839416504,0.5179763186221744
TMBIM1,1.4766318798065186,4.2524800300598145,0.398708288482239
RAB8A,1.4707366228103638,4.249798774719238,0.3993541442411195
WTAP,1.8550167083740234,4.245203495025635,0.5840688912809473
RBM6,2.281525135040283,4.244840621948242,0.6609257265877287
SEPT6,1.6677948236465454,4.244543075561523,0.4951560818083961
PSMC6,1.435664176940918,4.240671157836914,0.3935414424111948
IL2RB,1.2155665159225464,4.240214824676514,0.31280947255113023
WBP2,1.880692481994629,4.239834308624268,0.5222820236813778
BCAS2,1.3714395761489868,4.236685276031494,0.36318622174381054
CNOT7,1.8448829650878906,4.236572265625,0.5321851453175458
COPB2,1.4653366804122925,4.234060287475586,0.40129171151776105
ANXA11,1.6330236196517944,4.227933406829834,0.4544671689989236
IFNG,0.792271077632904,4.226524353027344,0.15156081808396124
NCSTN,1.503395438194275,4.225966930389404,0.413778256189451
SSB,1.8957165479660034,4.224514961242676,0.5227125941872982
CYBASC3,1.2301828861236572,4.224163055419922,0.3257265877287406
SERP1,2.1933608055114746,4.222775459289551,0.6234660925726587
NXF1,1.5304224491119385,4.222626209259033,0.43681377825618944
BABAM1,1.3837686777114868,4.221526622772217,0.35608180839612485
NUBP2,1.2560176849365234,4.220733642578125,0.3123789020452099
IER3,1.0785938501358032,4.218682289123535,0.2533907427341227
ILF3,2.428640127182007,4.218661785125732,0.6884822389666307
SIGMAR1,1.27632737159729,4.218447208404541,0.3190527448869752
MCM5,1.1656420230865479,4.211577892303467,0.2977395048439182
PLEKHJ1,1.1969828605651855,4.210848808288574,0.29580193756727663
ITPA,1.3335046768188477,4.210055351257324,0.33907427341227125
CUEDC2,1.198770523071289,4.209926605224609,0.28955866523143164
NT5C3,1.3618484735488892,4.205923557281494,0.37825618945102263
MYD88,1.2784717082977295,4.2042765617370605,0.33907427341227125
EIF4EBP1,1.2120236158370972,4.20222806930542,0.2869752421959096
TOMM20,2.0957388877868652,4.20166540145874,0.6045209903121637
GPM6B,1.1568012237548828,4.199594974517822,0.283745963401507
TRA2A,2.185434579849243,4.198409557342529,0.6620021528525296
ACTN4,1.9027966260910034,4.195988655090332,0.5506996770721205
AHCY,1.2748048305511475,4.19575309753418,0.3231431646932185
ST3GAL4,1.1927260160446167,4.194857597351074,0.2807319698600646
SMARCE1,1.650388479232788,4.193613529205322,0.4798708288482239
PQBP1,1.2773388624191284,4.193389892578125,0.3138858988159311
HLA-E,6.463115215301514,4.192514419555664,0.972443487621098
TMEM205,1.2578929662704468,4.1919379234313965,0.30355220667384286
FOXP1,1.8889771699905396,4.191595554351807,0.5980624327233585
AMICA1,0.9925132393836975,4.187000274658203,0.22131324004305705
C7orf50,1.3248538970947266,4.1866278648376465,0.3341227125941873
YWHAB,3.5169100761413574,4.181694030761719,0.857481162540366
CCNH,1.5487762689590454,4.178073883056641,0.4331539289558665
DDX24,2.044645071029663,4.177204132080078,0.6210979547900969
LSM2,1.3809783458709717,4.174713134765625,0.35758880516684605
GRHPR,1.3003426790237427,4.173453330993652,0.3369214208826695
P2RY10,0.9503554105758667,4.172323226928711,0.20731969860064586
FLOT2,1.369055151939392,4.172087669372559,0.379978471474704
PPP1R2,1.915765404701233,4.166911602020264,0.5821313240043057
LUC7L3,2.5195019245147705,4.165718078613281,0.6874058127018299
RCN1,1.381712555885315,4.165059566497803,0.3595263724434876
LOC374443,1.4404958486557007,4.160678386688232,0.41119483315392896
PMF1,1.2705127000808716,4.16039514541626,0.3242195909580194
PARP1,1.8883531093597412,4.160375595092773,0.5651237890204521
NUDT5,1.3203074932098389,4.153483867645264,0.3418729817007535
PIN1,1.4285215139389038,4.153232574462891,0.3705059203444564
NFKBIZ,1.6563267707824707,4.149577617645264,0.5453175457481163
SHKBP1,1.2508963346481323,4.147282600402832,0.33240043057050594
NDUFB1,1.510068416595459,4.1452789306640625,0.38772874058127016
SNRPE,1.8252710103988647,4.144024848937988,0.4893433799784715
FTH1,7.259439945220947,4.137507438659668,0.9651237890204521
UBE2V2,1.368850588798523,4.137274742126465,0.35694294940796556
PON2,1.2505762577056885,4.132085800170898,0.3143164693218515
RABGAP1L,1.7316629886627197,4.1315107345581055,0.6777179763186222
TIMMDC1,1.3836761713027954,4.131335258483887,0.36684607104413347
MRPL27,1.2375675439834595,4.128354549407959,0.29903121636167923
ACO2,1.4043068885803223,4.1267313957214355,0.3784714747039828
RHOT2,1.4528350830078125,4.124553680419922,0.4047362755651238
MYC,1.1626852750778198,4.121893405914307,0.2968783638320775
LTA4H,1.2863099575042725,4.1218461990356445,0.33993541442411196
VPS35,1.5916248559951782,4.121707439422607,0.45618945102260494
CYTH1,1.445934772491455,4.120266437530518,0.43853606027987085
TUBA1C,1.1980328559875488,4.12015438079834,0.3166846071044134
TRAPPC3,1.3448686599731445,4.11854887008667,0.33993541442411196
C19orf24,1.3488024473190308,4.118500232696533,0.3388589881593111
C5orf15,1.4776240587234497,4.114637851715088,0.40645855758880517
NECAP2,1.3242974281311035,4.114498138427734,0.3627556512378902
ITK,1.1725871562957764,4.1137590408325195,0.32508073196986004
MAP2K3,1.1766501665115356,4.1125054359436035,0.3063509149623251
SF3A3,1.4733723402023315,4.1119914054870605,0.43121636167922495
C9orf78,2.12760853767395,4.109755516052246,0.7369214208826695
FIBP,1.2907100915908813,4.10954475402832,0.32594187298170074
CDC42,4.143001556396484,4.106619834899902,0.8904198062432723
NSA2,1.7290337085723877,4.1059112548828125,0.502475780409042
SNX6,1.68303382396698,4.105660438537598,0.48783638320775025
TSPAN4,1.2324838638305664,4.1056108474731445,0.30226049515608183
COA4,1.2880566120147705,4.103271961212158,0.3222820236813778
CTNNA1,1.4321386814117432,4.101932525634766,0.3946178686759957
TYROBP,0.5940375924110413,4.100860595703125,0.09020452099031216
FBXW5,1.3271825313568115,4.098720073699951,0.3606027987082885
SELT,1.8352227210998535,4.098113059997559,0.5390742734122712
HSBP1,1.6274834871292114,4.095500469207764,0.44198062432723356
MATR3,2.7855160236358643,4.094993591308594,0.777395048439182
BNIP2,1.3831154108047485,4.093815803527832,0.395048439181916
CDKN1B,1.3684686422348022,4.089340686798096,0.3898815931108719
SMS,1.3009343147277832,4.08834171295166,0.3427341227125942
GIT2,1.6702828407287598,4.087872505187988,0.502475780409042
SCPEP1,1.3166248798370361,4.086829662322998,0.3403659849300323
NDUFA9,1.3346827030181885,4.085028648376465,0.3451022604951561
MRPL53,1.3978631496429443,4.081467151641846,0.35565123789020453
NCKAP1L,1.2651065587997437,4.080058574676514,0.34294940796555434
PA2G4,2.025587558746338,4.079643726348877,0.5885898815931109
NUCB1,1.7698369026184082,4.077250957489014,0.49278794402583426
HNRNPH3,1.7399120330810547,4.0763373374938965,0.5356297093649085
TMX4,1.3916590213775635,4.073582649230957,0.38729817007534983
TMEM106C,1.1768102645874023,4.0727763175964355,0.28396124865446715
ARHGAP4,1.4676861763000488,4.071132659912109,0.43724434876210977
NDUFA8,1.265594720840454,4.070648193359375,0.31065662002152855
QDPR,1.1312036514282227,4.070620059967041,0.2721205597416577
MRPL32,1.2204151153564453,4.069343090057373,0.3005382131324004
AP1M1,1.3365583419799805,4.068432331085205,0.3582346609257266
SRSF4,1.5255800485610962,4.067835807800293,0.4355220667384284
MRPL34,1.3723173141479492,4.0636162757873535,0.348762109795479
NCBP2,1.4096879959106445,4.062074661254883,0.3993541442411195
NEU1,1.3058174848556519,4.0611114501953125,0.33821313240043055
SEC31A,1.7369133234024048,4.059995651245117,0.5117330462863294
NUCB2,1.362628698348999,4.058766841888428,0.37115177610333694
PSMC4,1.3037172555923462,4.058166027069092,0.33756727664155006
C17orf89,1.288770318031311,4.057907581329346,0.3177610333692142
UBE2N,1.6601524353027344,4.057458400726318,0.47879440258342304
BZW2,1.1933797597885132,4.054961681365967,0.29903121636167923
KXD1,1.436274766921997,4.053844928741455,0.3844994617868676
EEF2,5.201093673706055,4.053544044494629,0.9362755651237891
OAS2,1.2088593244552612,4.053301811218262,0.3491926803013993
HPCAL1,1.2683898210525513,4.051232814788818,0.3289558665231432
IFNGR2,1.4445487260818481,4.0485358238220215,0.41227125941872983
EBP,1.1164958477020264,4.0460028648376465,0.27341227125941875
SDF2L1,1.128537893295288,4.045835971832275,0.26932185145317544
USP11,1.5589845180511475,4.04496431350708,0.469967707212056
CMTM7,1.1488186120986938,4.043749809265137,0.2902045209903122
GNL3,1.394280195236206,4.041309833526611,0.38772874058127016
MFSD10,1.3643790483474731,4.039583683013916,0.36232508073196984
CTSS,2.1193971633911133,4.034601211547852,0.8282023681377826
UROD,1.227011799812317,4.032827377319336,0.3061356297093649
ZNHIT3,1.1818110942840576,4.0325846672058105,0.2981700753498385
SNRNP40,1.2230844497680664,4.031979084014893,0.3203444564047363
SUPT4H1,1.5241502523422241,4.031779766082764,0.41894510226049514
MRPS15,1.2468823194503784,4.026317119598389,0.3078579117330463
RRAGA,1.2770731449127197,4.023809432983398,0.3233584499461787
SNRPF,1.6995820999145508,4.0225629806518555,0.46372443487621096
SNX5,1.51128351688385,4.0220136642456055,0.4426264800861141
HSD17B11,1.4141274690628052,4.020415782928467,0.3808396124865447
MRPS18B,1.4786841869354248,4.02009391784668,0.5007534983853607
SLC38A1,1.78290855884552,4.01963472366333,0.5451022604951561
IRF2,1.4049768447875977,4.019230365753174,0.41442411194833156
HSPB11,1.247333288192749,4.01786470413208,0.3130247578040904
RBM5,1.8031699657440186,4.016480445861816,0.5642626480086114
SFT2D2,1.2712340354919434,4.015671730041504,0.333692142088267
FAM127A,1.3766950368881226,4.013620376586914,0.36167922497308935
ITM2C,1.2574329376220703,4.01337194442749,0.32508073196986004
CDC26,1.2083847522735596,4.013127326965332,0.30979547900968785
IFNGR1,1.215454339981079,4.012338638305664,0.3444564047362756
DDX39B,2.1725945472717285,4.012300491333008,0.6260495156081808
SPPL2A,1.1537374258041382,4.011650562286377,0.30269106566200216
TCEA1,1.8696640729904175,4.011260509490967,0.5685683530678148
UBA3,1.3120492696762085,4.008507251739502,0.36878363832077504
NUDT22,1.151807427406311,4.0080437660217285,0.28482238966630785
COPS7A,1.3037817478179932,4.007928848266602,0.3392895586652314
NPIPL3,2.2077393531799316,4.00767707824707,0.6533907427341227
AK2,1.7626490592956543,4.0056071281433105,0.5590958019375672
PPP1CB,2.516986608505249,4.004658222198486,0.7560818083961248
CCNL1,2.089970350265503,4.003321170806885,0.6333692142088267
TCF25,2.003474712371826,4.003223419189453,0.6055974165769645
MGST3,1.7606017589569092,4.0032148361206055,0.5713670613562971
CCDC109B,0.9452713131904602,4.000773906707764,0.21657696447793326
EIF2B1,1.251822829246521,4.00008487701416,0.3270182992465016
BTN3A1,1.5265196561813354,3.997772216796875,0.568783638320775
CMC1,1.2632036209106445,3.9944143295288086,0.32831001076426264
RGS19,1.0174041986465454,3.993741273880005,0.238751345532831
PHPT1,1.5452773571014404,3.991238594055176,0.41657696447793324
AHNAK,2.2515621185302734,3.988649606704712,0.6992465016146394
PRKACB,1.450790286064148,3.988036632537842,0.444994617868676
NDUFA4,2.9401473999023438,3.9874441623687744,0.7905274488697525
TROVE2,1.4982331991195679,3.985826015472412,0.44757804090419806
CCDC53,1.2144113779067993,3.9842758178710938,0.310010764262648
DAP3,1.9582523107528687,3.9818925857543945,0.6736275565123789
GGNBP2,1.7913492918014526,3.978672504425049,0.5554359526372443
MRPL36,1.0687676668167114,3.9786500930786133,0.25403659849300325
POP5,1.076920986175537,3.978247880935669,0.2568353067814855
RAB13,1.2710576057434082,3.9776229858398438,0.31689989235737354
NARS,1.4044253826141357,3.9769232273101807,0.4047362755651238
ADH5,1.4431570768356323,3.9768178462982178,0.40129171151776105
TARDBP,1.729184865951538,3.976468324661255,0.5242195909580194
BLVRB,1.080637812614441,3.975858688354492,0.25145317545748114
LASP1,1.5792207717895508,3.9731621742248535,0.4777179763186222
TSR2,1.2577924728393555,3.972696542739868,0.33067814854682454
HLA-C,7.407560348510742,3.972048759460449,0.976318622174381
DEGS1,2.0300345420837402,3.9709885120391846,0.7233584499461787
SEPT7,2.6889843940734863,3.968498468399048,0.7636167922497309
PTDSS1,1.2832040786743164,3.9671168327331543,0.3696447793326157
CYB5R3,2.5918772220611572,3.966536521911621,0.8045209903121636
IST1,1.7789489030838013,3.9665331840515137,0.5442411194833154
STAT3,2.456521987915039,3.965137243270874,0.8122712594187298
C16orf54,1.5605262517929077,3.9607436656951904,0.62497308934338
PIAS1,1.3466862440109253,3.958815813064575,0.4040904198062433
PPHLN1,1.5138261318206787,3.9572136402130127,0.48310010764262645
ENSA,1.930336356163025,3.9561684131622314,0.5481162540365985
PRMT1,1.4558894634246826,3.9506635665893555,0.3963401506996771
GPR143,1.041290044784546,3.94911527633667,0.24370290635091496
CCDC47,1.5288883447647095,3.948477029800415,0.43487621097954793
ATXN10,1.5258742570877075,3.948171377182007,0.4310010764262648
C1orf56,1.4716544151306152,3.9447848796844482,0.4624327233584499
C21orf33,1.6559454202651978,3.94465708732605,0.48589881593110873
SS18L2,1.1624345779418945,3.944056987762451,0.29192680301399354
GLRX,1.051111102104187,3.943697929382324,0.24994617868675995
CERS2,1.3973560333251953,3.9417989253997803,0.37933261571582344
GARS,1.2773922681808472,3.941732883453369,0.3590958019375673
MRPL9,1.2420964241027832,3.937438726425171,0.32120559741657695
VTI1B,1.3122332096099854,3.9368607997894287,0.3504843918191604
ESYT1,1.4712140560150146,3.9360299110412598,0.44671689989235736
TUBB2A,1.0840810537338257,3.9348535537719727,0.25877287405812704
RAB5C,1.9169082641601562,3.9332797527313232,0.5653390742734122
BIN1,1.1654958724975586,3.9306561946868896,0.30893433799784714
FGD3,1.0916162729263306,3.929863214492798,0.2925726587728741
DPY30,1.264487624168396,3.9287960529327393,0.32680301399354145
RNF114,1.4443532228469849,3.9284167289733887,0.4133476856835307
CAPN1,1.3764011859893799,3.9277431964874268,0.3903121636167923
SET,3.533100128173828,3.923955202102661,0.8798708288482239
HK1,1.3111623525619507,3.923499822616577,0.3722282023681378
DPM3,1.1789847612380981,3.9230170249938965,0.283745963401507
CS,1.7053345441818237,3.920276403427124,0.5229278794402583
PILRB,1.598484992980957,3.9201250076293945,0.5046286329386437
PLD3,1.3784784078598022,3.9199790954589844,0.38191603875134555
CNOT8,1.217969536781311,3.918708324432373,0.3435952637244349
POLR3GL,1.2451444864273071,3.9139859676361084,0.334983853606028
PTBP1,1.9170737266540527,3.913266181945801,0.5698600645855759
TEKT4P2,1.277940273284912,3.9124748706817627,0.3586652314316469
MAX,1.8296374082565308,3.9105169773101807,0.5515608180839613
ROCK1P1,1.6047821044921875,3.9102461338043213,0.5702906350914962
RPP21,1.1684383153915405,3.9096145629882812,0.28805166846071045
TAF1D,1.863727331161499,3.9071078300476074,0.5524219590958019
NACA,6.20557975769043,3.9066596031188965,0.9347685683530678
NLRC5,1.6156591176986694,3.905959129333496,0.5095801937567277
AATF,1.2361258268356323,3.9025118350982666,0.33196986006458556
THYN1,1.0870096683502197,3.9020283222198486,0.2628632938643703
MED28,1.2578928470611572,3.900505781173706,0.33907427341227125
NEAT1,2.5533244609832764,3.898948907852173,0.7621097954790097
SUMO3,1.5302269458770752,3.8979430198669434,0.4208826695371367
APOC1,0.906282365322113,3.8969902992248535,0.19978471474703982
REXO2,1.2345929145812988,3.896355390548706,0.32120559741657695
PSENEN,1.1796666383743286,3.892817258834839,0.2936490850376749
CHTOP,1.4881443977355957,3.8926572799682617,0.43379978471474706
XBP1,1.0914568901062012,3.8920230865478516,0.2897739504843918
TSTA3,1.1722432374954224,3.8915295600891113,0.2977395048439182
MRPL28,1.1587637662887573,3.8891916275024414,0.2906350914962325
CACYBP,1.8443036079406738,3.8879499435424805,0.6030139935414424
STT3A,1.475173830986023,3.8861730098724365,0.4505920344456405
SPAG7,1.0559825897216797,3.8860507011413574,0.25468245425188374
SQRDL,1.0230834484100342,3.8858635425567627,0.2510226049515608
EXOSC10,1.5195884704589844,3.885467290878296,0.44908503767491925
CSK,1.2469507455825806,3.884936809539795,0.3629709364908504
MRPL10,1.283578634262085,3.884615421295166,0.4170075349838536
APH1A,1.4812581539154053,3.8820106983184814,0.4195909580193757
GORASP2,1.362657070159912,3.8812458515167236,0.3773950484391819
CAT,1.2432036399841309,3.8782360553741455,0.3534983853606028
OCIAD1,1.7376558780670166,3.8766701221466064,0.5651237890204521
HAT1,1.1349120140075684,3.8759355545043945,0.2897739504843918
ICOS,0.8095238208770752,3.8757901191711426,0.1939720129171152
PTK2B,1.2951347827911377,3.874849557876587,0.38729817007534983
SPOCK2,1.2402368783950806,3.874633312225342,0.356297093649085
IER3IP1,1.3336611986160278,3.8740837574005127,0.3642626480086114
PLIN2,1.1098333597183228,3.873565435409546,0.29321851453175457
FUBP1,1.8262425661087036,3.873549699783325,0.5903121636167923
FLJ31306,1.757411241531372,3.872551918029785,0.6346609257265877
KLHDC2,1.127190113067627,3.869992971420288,0.30118406889128096
BTN3A2,2.1852197647094727,3.869408369064331,0.7860064585575888
COPS5,1.1847890615463257,3.868558168411255,0.3143164693218515
HNRNPA2B1,3.818107843399048,3.865283250808716,0.8805166846071044
GOLGA7,1.319827675819397,3.8650455474853516,0.3717976318622174
ZNF331,1.4203417301177979,3.8642690181732178,0.6471474703982777
POLD4,2.519218921661377,3.8632802963256836,0.7956942949407966
RAB6A,1.6541149616241455,3.8617894649505615,0.49967707212055973
STARD7,1.6249672174453735,3.8571150302886963,0.516254036598493
CAPRIN1,1.6847261190414429,3.856194496154785,0.5102260495156081
HIST2H2AA3,1.3755580186843872,3.8522744178771973,0.3823466092572659
HIST2H2AA4,1.3755580186843872,3.8522744178771973,0.3823466092572659
MARS,1.3320138454437256,3.852081298828125,0.3868675995694295
NR1H2,1.2000874280929565,3.8503856658935547,0.3153928955866523
HLA-DQA2,1.028415560722351,3.8482890129089355,0.25317545748116255
GLO1,1.2704521417617798,3.8480443954467773,0.3483315392895587
ZC3H15,1.5619211196899414,3.846583127975464,0.46135629709364906
PBXIP1,1.5100212097167969,3.846547842025757,0.5067814854682454
MITF,1.1139990091323853,3.8439862728118896,0.2977395048439182
POLD2,1.184282898902893,3.8403584957122803,0.3044133476856835
PSMD1,1.356499195098877,3.8402810096740723,0.39483315392895585
B2M,9.795913696289062,3.8387012481689453,0.9954790096878364
DDB1,1.5809181928634644,3.8373239040374756,0.47491926803013995
RHEB,1.4873701333999634,3.8370745182037354,0.41270182992465015
RNF149,1.5815242528915405,3.8363349437713623,0.5201291711517761
SNW1,1.3845932483673096,3.834735870361328,0.41227125941872983
SH3KBP1,1.9367965459823608,3.8312885761260986,0.6241119483315393
S100A16,0.919518768787384,3.8311192989349365,0.20430570505920345
TGIF1,1.1955946683883667,3.831037998199463,0.3261571582346609
APEH,1.3464008569717407,3.8291754722595215,0.3851453175457481
AKIRIN1,1.6349233388900757,3.82895827293396,0.6178686759956943
MRPS26,1.1351757049560547,3.825634002685547,0.28396124865446715
CCDC115,1.1638504266738892,3.8253397941589355,0.302475780409042
LIMD2,1.9787359237670898,3.824378490447998,0.5967707212055974
CKS1B,1.0323079824447632,3.8240833282470703,0.24628632938643702
MAD2L2,1.1252361536026,3.824047088623047,0.27922497308934335
BIRC3,1.4910292625427246,3.8229832649230957,0.4703982777179763
SAP18,1.9892137050628662,3.8228025436401367,0.5817007534983853
FCER1G,0.5834154486656189,3.8224611282348633,0.09407965554359526
MARCH7,1.419266939163208,3.8214714527130127,0.4322927879440258
COMMD4,1.1285535097122192,3.819406270980835,0.2811625403659849
ADD3,1.5224437713623047,3.8191237449645996,0.48396124865446716
SLAMF7,1.389581322669983,3.8188912868499756,0.61248654467169
PTP4A1,1.6648259162902832,3.818601131439209,0.5125941872981701
TSPYL2,1.4830400943756104,3.8182554244995117,0.4505920344456405
JAK3,2.226114273071289,3.817809820175171,0.8635091496232508
TRAF5,1.5390584468841553,3.817133665084839,0.6346609257265877
UBA7,1.2170342206954956,3.8167619705200195,0.3539289558665231
RAB34,1.0019882917404175,3.8148512840270996,0.22691065662002152
NAMPT,1.412325143814087,3.8146045207977295,0.4454251883745963
ARL8B,1.4314427375793457,3.8141446113586426,0.42540365984930034
CHIC2,1.1428338289260864,3.8131728172302246,0.30462863293864373
