cluster,gene,cells_in_cluster,mean_in_cluster,mean_outside_cluster,t_statistic,p_value,fdr,mean_log2_difference
0,HLA-DRA,556,9.658172,2.1840136,107.80002,2.2250738585072014e-308,8.865069990358508e-308,7.4741583
0,MS4A1,556,6.529073,0.28980246,84.96491,2.2250738585072014e-308,8.865069990358508e-308,6.2392707
0,CD79A,556,6.2117696,0.3232833,70.97281,2.2250738585072014e-308,8.865069990358508e-308,5.8884864
0,CD74,556,10.834307,4.9550147,90.99112,2.2250738585072014e-308,8.865069990358508e-308,5.879292
0,HLA-DPA1,556,7.956638,2.5285833,72.58867,2.2250738585072014e-308,8.865069990358508e-308,5.428055
0,CD79B,556,5.6676083,0.5861799,40.790695,2.2250738585072014e-308,8.865069990358508e-308,5.0814285
0,HLA-DRB1,556,7.0570636,2.256661,62.517387,2.2250738585072014e-308,8.865069990358508e-308,4.8004026
0,IRF8,556,5.357408,0.60922164,45.986523,2.2250738585072014e-308,8.865069990358508e-308,4.7481866
0,HLA-DQB1,556,5.807265,1.1216738,48.1325,2.2250738585072014e-308,8.865069990358508e-308,4.6855907
0,CD37,556,7.0914245,2.4404485,60.286484,2.2250738585072014e-308,8.865069990358508e-308,4.650976
1,NKG7,667,7.7571754,1.2828751,64.86504,2.2250738585072014e-308,1.6389568421199387e-307,6.4743004
1,CCL4,667,6.7572765,1.0889306,41.66657,2.2250738585072014e-308,1.6389568421199387e-307,5.668346
1,CST7,667,6.443508,1.2909682,54.672203,2.2250738585072014e-308,1.6389568421199387e-307,5.15254
1,GZMA,667,6.0343947,0.99133456,42.49282,2.2250738585072014e-308,1.6389568421199387e-307,5.0430603
1,CD8A,667,6.1292033,1.127772,43.057693,2.2250738585072014e-308,1.6389568421199387e-307,5.0014315
1,KLRK1,667,5.916629,1.1056011,46.707664,2.2250738585072014e-308,1.6389568421199387e-307,4.8110275
1,PRF1,667,5.4954834,0.99955916,37.1253,2.2250738585072014e-308,1.6389568421199387e-307,4.495924
1,CCL5,667,8.764962,4.484359,62.209064,2.2250738585072014e-308,1.6389568421199387e-307,4.2806034
1,GZMK,667,5.368839,1.1181241,30.92392,2.2250738585072014e-308,1.6389568421199387e-307,4.250715
1,RGS1,667,7.342127,3.262578,31.003212,2.2250738585072014e-308,1.6389568421199387e-307,4.079549
2,PMEL,230,7.145415,2.5059025,17.801798,2.2250738585072014e-308,9.940418716999628e-308,4.639512
2,LGALS3BP,230,6.6498365,2.159073,27.47964,2.2250738585072014e-308,9.940418716999628e-308,4.4907637
2,TYR,230,5.930605,1.6754308,23.288383,2.2250738585072014e-308,9.940418716999628e-308,4.255174
2,LMNA,230,6.0866494,1.98826,33.701347,2.2250738585072014e-308,9.940418716999628e-308,4.0983896
2,DCT,230,4.688079,0.64747787,20.03904,2.2250738585072014e-308,9.940418716999628e-308,4.040601
2,GPNMB,230,5.784151,1.7733531,22.416735,2.2250738585072014e-308,9.940418716999628e-308,4.010798
2,CD63,230,7.647974,3.7030725,32.90104,2.2250738585072014e-308,9.940418716999628e-308,3.9449015
2,S100B,230,5.9661736,2.1585457,21.285881,2.2250738585072014e-308,9.940418716999628e-308,3.807628
2,LGALS3,230,6.584177,2.7867846,17.388504,2.2250738585072014e-308,9.940418716999628e-308,3.7973924
2,SDCBP,230,7.061261,3.2762372,28.910065,2.2250738585072014e-308,9.940418716999628e-308,3.785024
3,SERPINA3,170,6.8660064,0.98960435,32.783546,2.2250738585072014e-308,8.772484402991839e-308,5.876402
3,SERPINE2,170,7.8968277,2.121923,61.48339,2.2250738585072014e-308,8.772484402991839e-308,5.7749047
3,MT2A,170,8.752638,3.1957927,58.511646,2.2250738585072014e-308,8.772484402991839e-308,5.556845
3,SPARC,170,6.917519,1.5368989,38.37802,2.2250738585072014e-308,8.772484402991839e-308,5.38062
3,FN1,170,6.276684,0.90371186,21.813585,2.2250738585072014e-308,8.772484402991839e-308,5.372972
3,TIMP1,170,7.613369,2.2505414,56.946316,2.2250738585072014e-308,8.772484402991839e-308,5.3628273
3,CST3,170,7.3112154,2.0748348,40.097095,2.2250738585072014e-308,8.772484402991839e-308,5.2363806
3,MIA,170,6.2181225,1.554996,26.515675,2.2250738585072014e-308,8.772484402991839e-308,4.6631265
3,MRPL36,170,5.4860663,0.90095896,32.56538,2.2250738585072014e-308,8.772484402991839e-308,4.5851073
3,PDCD6,170,6.8623075,2.27963,32.58455,2.2250738585072014e-308,8.772484402991839e-308,4.582678
4,PMEL,126,9.082186,2.5586746,48.15635,2.2250738585072014e-308,5.843237437123259e-308,6.523511
4,S100B,126,8.5949955,2.1728768,55.072758,2.2250738585072014e-308,5.843237437123259e-308,6.4221187
4,CAPG,126,7.6326203,1.4605529,57.786026,2.2250738585072014e-308,5.843237437123259e-308,6.1720676
4,LGALS1,126,9.308436,3.176537,76.71447,2.2250738585072014e-308,5.843237437123259e-308,6.1318994
4,APOD,126,8.1263685,2.0090342,43.018375,2.2250738585072014e-308,5.843237437123259e-308,6.1173344
4,SERPINE2,126,8.243975,2.168471,54.389275,2.2250738585072014e-308,5.843237437123259e-308,6.0755033
4,GPNMB,126,7.1158867,1.8285257,64.679756,2.2250738585072014e-308,5.843237437123259e-308,5.287361
4,MIA,126,6.736904,1.5859348,45.691914,2.2250738585072014e-308,5.843237437123259e-308,5.1509695
4,SPARC,126,6.629116,1.5973299,58.053413,2.2250738585072014e-308,5.843237437123259e-308,5.031786
4,AP1S2,126,7.0499277,2.038882,49.50904,2.2250738585072014e-308,5.843237437123259e-308,5.0110455
5,IL7R,927,4.669516,0.6235678,40.607124,2.2250738585072014e-308,5.843237437123259e-308,4.045948
5,CXCR4,927,7.634621,3.8650086,36.229122,2.2250738585072014e-308,5.843237437123259e-308,3.7696126
5,TMSB4X,927,10.090454,7.0787444,41.342163,2.2250738585072014e-308,5.843237437123259e-308,3.0117097
5,CD3D,927,5.5006213,2.4913068,25.701767,2.2250738585072014e-308,5.843237437123259e-308,3.0093145
5,ARHGDIB,927,6.7559156,4.098814,27.616592,2.2250738585072014e-308,5.843237437123259e-308,2.6571016
5,CD69,927,4.8552065,2.3450062,20.792185,2.2250738585072014e-308,5.843237437123259e-308,2.5102003
5,IL32,927,5.141797,2.7413125,21.06534,2.2250738585072014e-308,5.843237437123259e-308,2.4004846
5,CCR7,927,3.2011192,0.8530873,20.659107,2.2250738585072014e-308,5.843237437123259e-308,2.348032
5,PTPRC,927,5.6381,3.3165267,30.773996,2.2250738585072014e-308,5.843237437123259e-308,2.3215735
5,FYB,927,4.203258,1.9031049,30.868032,2.2250738585072014e-308,5.843237437123259e-308,2.3001533
6,CD3D,203,7.384387,2.8957052,42.798,2.2250738585072014e-308,5.014718696038618e-307,4.488682
6,IL32,203,7.062593,3.0447853,25.18052,2.2250738585072014e-308,5.014718696038618e-307,4.017808
6,CD2,203,6.3363137,2.4530814,27.738688,2.2250738585072014e-308,5.014718696038618e-307,3.8832324
6,ICOS,203,4.2689695,0.65142685,17.981771,2.2250738585072014e-308,5.014718696038618e-307,3.6175427
6,CD4,203,4.4600763,0.865845,19.392828,2.2250738585072014e-308,5.014718696038618e-307,3.5942314
6,SRGN,203,7.216021,3.6802626,29.726933,2.2250738585072014e-308,5.014718696038618e-307,3.5357585
6,TIGIT,203,4.7272863,1.325995,18.660381,2.2250738585072014e-308,5.014718696038618e-307,3.4012914
6,ITM2A,203,5.1527057,1.8169444,17.391476,2.2250738585072014e-308,5.014718696038618e-307,3.3357613
6,SPOCK2,203,4.1564527,1.1069654,23.255636,2.2250738585072014e-308,5.014718696038618e-307,3.049487
6,ARHGDIB,203,7.5385394,4.496121,30.183207,2.2250738585072014e-308,5.014718696038618e-307,3.0424185
7,HLA-DRA,207,6.7835326,2.905857,18.919529,2.2250738585072014e-308,1.2443931579058792e-306,3.8776755
7,CORO1A,207,6.9416885,3.7843294,23.345411,2.2250738585072014e-308,1.2443931579058792e-306,3.1573591
7,CD74,207,8.66188,5.5186763,24.581469,2.2250738585072014e-308,1.2443931579058792e-306,3.1432033
7,ARHGDIB,207,7.367549,4.5013576,30.264086,2.2250738585072014e-308,1.2443931579058792e-306,2.8661914
7,HLA-DPA1,207,5.8954954,3.0515776,17.50951,2.2250738585072014e-308,1.2443931579058792e-306,2.8439178
7,RAC2,207,6.2620974,3.440774,29.325508,2.2250738585072014e-308,1.2443931579058792e-306,2.8213234
7,LCP1,207,5.8248763,3.1096861,25.557447,2.2250738585072014e-308,1.2443931579058792e-306,2.7151902
7,UCP2,207,5.493836,2.7926836,20.308945,2.2250738585072014e-308,1.2443931579058792e-306,2.7011523
7,HLA-DRB1,207,5.3899364,2.7119207,17.088829,2.2250738585072014e-308,1.2443931579058792e-306,2.6780157
7,TUBB,207,5.999779,3.3605497,16.543537,2.2250738585072014e-308,1.2443931579058792e-306,2.6392295
8,TYROBP,164,8.357085,0.30991802,69.05039,2.2250738585072014e-308,3.775125310500982e-307,8.047167
8,FCER1G,164,8.072799,0.30931175,62.373642,2.2250738585072014e-308,3.775125310500982e-307,7.763487
8,IFI30,164,8.540541,0.91904587,53.385437,2.2250738585072014e-308,3.775125310500982e-307,7.621495
8,HLA-DRA,164,10.140598,2.8202024,50.362385,2.2250738585072014e-308,3.775125310500982e-307,7.320396
8,CST3,164,7.81834,2.063286,39.94325,2.2250738585072014e-308,3.775125310500982e-307,5.7550535
8,HLA-DRB1,164,8.349446,2.6293018,34.62098,2.2250738585072014e-308,3.775125310500982e-307,5.7201443
8,HLA-DPA1,164,8.40313,2.9870903,26.277773,2.2250738585072014e-308,3.775125310500982e-307,5.4160395
8,CD74,164,10.626744,5.4769278,34.152554,2.2250738585072014e-308,3.775125310500982e-307,5.1498165
8,HLA-DRB5,164,6.9483137,1.8498785,27.38148,2.2250738585072014e-308,3.775125310500982e-307,5.0984354
8,HLA-DQB1,164,6.412923,1.5094066,29.394821,2.2250738585072014e-308,3.775125310500982e-307,4.9035163
9,CXCR6,103,0.03633495,0.8032832,-18.77408,2.2250738585072014e-308,1.5272097847026698e-306,-0.7669483
9,AMICA1,103,0.06645515,1.0135134,-18.155422,2.2250738585072014e-308,1.5272097847026698e-306,-0.9470583
9,P2RY10,103,0.023305826,0.97137773,-24.659668,2.2250738585072014e-308,1.5272097847026698e-306,-0.9480719
9,DOK2,103,0.06419971,1.074599,-21.375633,2.2250738585072014e-308,1.5272097847026698e-306,-1.0103993
9,SAMSN1,103,0.06870602,1.1270019,-17.573032,2.2250738585072014e-308,1.5272097847026698e-306,-1.0582958
9,PSTPIP1,103,0.012465049,1.0849714,-31.770023,2.2250738585072014e-308,1.5272097847026698e-306,-1.0725064
9,IRF8,103,0.09813893,1.2020521,-18.770662,2.2250738585072014e-308,1.5272097847026698e-306,-1.1039132
9,MX1,103,0.073148645,1.191332,-20.046211,2.2250738585072014e-308,1.5272097847026698e-306,-1.1181834
9,TRAT1,103,0.0,1.1263573,-34.633068,2.2250738585072014e-308,1.5272097847026698e-306,-1.1263573
9,ARHGAP25,103,0.12523428,1.2752846,-19.633633,2.2250738585072014e-308,1.5272097847026698e-306,-1.1500504
10,COL1A2,71,7.796691,0.29868034,32.480278,2.2250738585072014e-308,3.612754329404166e-307,7.4980106
10,COL1A1,71,7.5003576,0.05781018,30.60066,2.2250738585072014e-308,3.612754329404166e-307,7.4425473
10,SPARC,71,7.5719123,1.6431994,34.537632,2.2250738585072014e-308,3.612754329404166e-307,5.928713
10,VIM,71,9.044527,5.7244687,29.231249,2.2250738585072014e-308,3.612754329404166e-307,3.3200583
10,GNLY,71,0.0,0.45238528,-16.104448,2.2250738585072014e-308,3.612754329404166e-307,-0.45238528
10,TYROBP,71,0.0,0.60325843,-20.00376,2.2250738585072014e-308,3.612754329404166e-307,-0.60325843
10,GZMH,71,0.0,0.7741441,-24.133295,2.2250738585072014e-308,3.612754329404166e-307,-0.7741441
10,CXCR6,71,0.017222535,0.79821426,-21.776712,2.2250738585072014e-308,3.612754329404166e-307,-0.78099173
10,APOC2,71,0.022295773,0.8263788,-21.055447,2.2250738585072014e-308,3.612754329404166e-307,-0.80408305
10,IFNG,71,0.0,0.80456895,-26.292133,2.2250738585072014e-308,3.612754329404166e-307,-0.80456895
11,ICOS,44,0.0,0.81726557,-28.044315,2.2250738585072014e-308,1.866589736858819e-306,-0.81726557
11,APOC2,44,0.0,0.8218734,-26.65282,2.2250738585072014e-308,1.866589736858819e-306,-0.8218734
11,S100A16,44,0.0,0.9283121,-32.049107,2.2250738585072014e-308,1.866589736858819e-306,-0.9283121
11,CCL3,44,0.0,0.9737578,-27.383877,2.2250738585072014e-308,1.866589736858819e-306,-0.9737578
11,TM4SF1,44,0.019236136,0.99881023,-26.325993,2.2250738585072014e-308,1.866589736858819e-306,-0.9795741
11,DOK2,44,0.016300227,1.0621004,-29.198135,2.2250738585072014e-308,1.866589736858819e-306,-1.0458002
11,CRIP2,44,0.014284999,1.1250668,-32.18329,2.2250738585072014e-308,1.866589736858819e-306,-1.1107818
11,SERPINA3,44,0.025836365,1.2159445,-24.737347,2.2250738585072014e-308,1.866589736858819e-306,-1.1901082
11,SPOCK2,44,0.0,1.2520978,-43.019245,2.2250738585072014e-308,1.866589736858819e-306,-1.2520978
11,PYHIN1,44,0.0,1.2876339,-40.282753,2.2250738585072014e-308,1.866589736858819e-306,-1.2876339
12,IGFBP7,77,7.8453164,0.8322912,30.20177,2.2250738585072014e-308,3.199868120329404e-307,7.0130253
12,IFITM3,77,8.964593,3.1066363,51.91835,2.2250738585072014e-308,3.199868120329404e-307,5.857957
12,VIM,77,8.944542,5.7217937,29.460278,2.2250738585072014e-308,3.199868120329404e-307,3.2227483
12,LST1,77,0.0,0.3493656,-19.19115,2.2250738585072014e-308,3.199868120329404e-307,-0.3493656
12,GZMH,77,0.0,0.77516097,-24.135542,2.2250738585072014e-308,3.199868120329404e-307,-0.77516097
12,CXCR6,77,0.0,0.79953045,-25.384731,2.2250738585072014e-308,3.199868120329404e-307,-0.79953045
12,IFNG,77,0.0,0.80562574,-26.29448,2.2250738585072014e-308,3.199868120329404e-307,-0.80562574
12,ICOS,77,0.0,0.82316965,-28.061483,2.2250738585072014e-308,3.199868120329404e-307,-0.82316965
12,TARP,77,0.0,0.8248552,-26.74351,2.2250738585072014e-308,3.199868120329404e-307,-0.8248552
12,APOC2,77,0.0,0.82781076,-26.667757,2.2250738585072014e-308,3.199868120329404e-307,-0.82781076
13,CD8A,315,7.339746,1.4462891,53.492268,2.2250738585072014e-308,3.082441767289793e-307,5.893457
13,NKG7,315,7.6161637,1.8194497,50.792423,2.2250738585072014e-308,3.082441767289793e-307,5.796714
13,KLRK1,315,6.442528,1.4584484,35.89792,2.2250738585072014e-308,3.082441767289793e-307,4.9840794
13,PRF1,315,5.521035,1.3631871,23.747726,2.2250738585072014e-308,3.082441767289793e-307,4.1578484
13,GZMK,315,5.5696535,1.4490695,22.865276,2.2250738585072014e-308,3.082441767289793e-307,4.120584
13,HSPA1A,315,6.453385,2.6233025,18.42722,2.2250738585072014e-308,3.082441767289793e-307,3.8300824
13,CD8B,315,4.8514876,1.0337405,24.001629,2.2250738585072014e-308,3.082441767289793e-307,3.817747
13,FCRL3,315,4.659367,0.8889541,23.481182,2.2250738585072014e-308,3.082441767289793e-307,3.770413
13,CST7,315,5.465344,1.7809929,26.556206,2.2250738585072014e-308,3.082441767289793e-307,3.684351
13,IL32,315,6.6376705,2.9717712,34.688343,2.2250738585072014e-308,3.082441767289793e-307,3.6658993
14,APOD,491,9.257712,1.3378022,90.547424,2.2250738585072014e-308,5.489969814290644e-308,7.9199104
14,SERPINE2,491,9.0709,1.5368949,112.78815,2.2250738585072014e-308,5.489969814290644e-308,7.534005
14,MIA,491,8.2848625,0.9503673,101.24793,2.2250738585072014e-308,5.489969814290644e-308,7.334495
14,PMEL,491,8.830382,2.0152369,67.75885,2.2250738585072014e-308,5.489969814290644e-308,6.8151455
14,TYR,491,7.8096256,1.1859742,87.98793,2.2250738585072014e-308,5.489969814290644e-308,6.6236515
14,S100B,491,8.040401,1.6741362,96.95676,2.2250738585072014e-308,5.489969814290644e-308,6.3662653
14,SERPINA3,491,6.824758,0.5403818,51.89448,2.2250738585072014e-308,5.489969814290644e-308,6.284376
14,A2M,491,7.1388793,1.0111283,86.204506,2.2250738585072014e-308,5.489969814290644e-308,6.127751
14,MT2A,491,8.806334,2.7600405,81.90021,2.2250738585072014e-308,5.489969814290644e-308,6.0462933
14,LGALS3,491,8.204727,2.3566408,94.1365,2.2250738585072014e-308,5.489969814290644e-308,5.8480864
15,CDK4,56,8.612405,1.7134956,82.70238,2.2250738585072014e-308,2.507359348019309e-307,6.898909
15,PWP1,56,6.8201933,1.45572,55.999214,2.2250738585072014e-308,2.507359348019309e-307,5.3644733
15,CYC1,56,6.4586363,1.8927224,34.878746,2.2250738585072014e-308,2.507359348019309e-307,4.565914
15,GPNMB,56,6.3784375,1.9181772,37.40689,2.2250738585072014e-308,2.507359348019309e-307,4.4602604
15,DNAJB6,56,6.262605,2.1418762,35.991737,2.2250738585072014e-308,2.507359348019309e-307,4.120729
15,C17orf76-AS1,56,8.484035,4.783475,46.274647,2.2250738585072014e-308,2.507359348019309e-307,3.7005596
15,NME2,56,7.1951003,3.6516585,29.51765,2.2250738585072014e-308,2.507359348019309e-307,3.5434418
15,TPI1,56,7.5922966,4.2323003,36.147564,2.2250738585072014e-308,2.507359348019309e-307,3.3599963
15,SET,56,6.3417616,3.498826,34.390923,2.2250738585072014e-308,2.507359348019309e-307,2.8429356
15,EEF1B2,56,8.30007,5.6550655,28.010227,2.2250738585072014e-308,2.507359348019309e-307,2.6450043
16,PMEL,119,10.173212,2.5400782,65.422554,2.2250738585072014e-308,8.95963073692233e-308,7.633134
16,DCT,119,8.080571,0.6573761,54.110672,2.2250738585072014e-308,8.95963073692233e-308,7.423195
16,IFI27,119,7.5073824,1.3911922,52.83487,2.2250738585072014e-308,8.95963073692233e-308,6.11619
16,GSTP1,119,9.456537,3.4760678,71.67665,2.2250738585072014e-308,8.95963073692233e-308,5.9804697
16,TYR,119,7.539537,1.7374858,53.840836,2.2250738585072014e-308,8.95963073692233e-308,5.802051
16,MLANA,119,7.69581,2.2988846,63.79617,2.2250738585072014e-308,8.95963073692233e-308,5.396925
16,S100B,119,7.601518,2.2089307,34.500916,2.2250738585072014e-308,8.95963073692233e-308,5.3925877
16,LGALS1,119,8.388212,3.2102163,62.154583,2.2250738585072014e-308,8.95963073692233e-308,5.1779957
16,QPCT,119,5.946367,1.0634564,36.995125,2.2250738585072014e-308,8.95963073692233e-308,4.8829103
16,GPNMB,119,6.556456,1.8514117,58.245876,2.2250738585072014e-308,8.95963073692233e-308,4.7050443
17,PMEL,119,9.2220955,2.5650845,31.555193,2.2250738585072014e-308,1.0803413267993164e-307,6.657011
17,APOD,119,7.998122,2.0218675,41.49745,2.2250738585072014e-308,1.0803413267993164e-307,5.9762545
17,PRAME,119,7.2422986,1.475826,80.66426,2.2250738585072014e-308,1.0803413267993164e-307,5.766473
17,QPCT,119,6.6797733,1.0441735,48.176514,2.2250738585072014e-308,1.0803413267993164e-307,5.6356
17,S100B,119,7.5748143,2.2096322,47.387333,2.2250738585072014e-308,1.0803413267993164e-307,5.365182
17,CTSK,119,5.9855237,1.0483285,22.01635,2.2250738585072014e-308,1.0803413267993164e-307,4.9371953
17,PTTG1IP,119,7.020031,2.1583858,64.1225,2.2250738585072014e-308,1.0803413267993164e-307,4.861645
17,CAPN3,119,6.36763,1.5332527,43.891453,2.2250738585072014e-308,1.0803413267993164e-307,4.8343773
17,LGALS3,119,7.5836797,2.853636,37.78181,2.2250738585072014e-308,1.0803413267993164e-307,4.7300434
17,DCT,119,5.335277,0.7295566,26.00999,2.2250738585072014e-308,1.0803413267993164e-307,4.6057205
